id,student_id,schedule_data,updated_at
1,e95f830f-671d-4658-bba5-771eb0c6f6e6,"{""_mode"":""surah-wise"",""FRIDAY"":{""juz1"":""30"",""juz2"":""29"",""juz3"":"""",""juz4"":"""",""star"":""1"",""jadeed"":""69:5"",""juzhali"":""Al-Ma'arij til Al-Jinn"",""murajah"":""At-Takathur til Al-Bayyinah""},""MONDAY"":{""juz1"":""30"",""juz2"":""29"",""juz3"":"""",""juz4"":"""",""star"":""1"",""jadeed"":""69:20"",""juzhali"":""Al-Ma'arij til Al-Ma'arij"",""murajah"":""Al-Ala til Al-Inshiqaq""},""SUNDAY"":{""juz1"":""30"",""juz2"":""29"",""juz3"":"""",""juz4"":"""",""star"":""1"",""jadeed"":""69:15"",""juzhali"":""Al-Jinn til Al-Jinn"",""murajah"":""Al-Layl til Al-Ghashiyah""},""TUESDAY"":{""juz1"":""30"",""juz2"":""29"",""juz3"":"""",""juz4"":"""",""star"":""1"",""jadeed"":""69:25"",""juzhali"":""Nuh til Nuh"",""murajah"":""Al-Inshiqaq til An-Naba""},""FRIDAY_8"":{""juz1"":""30"",""juz2"":""29"",""juz3"":"""",""juz4"":"""",""star"":""1"",""jadeed"":""69:40"",""juzhali"":""Nuh til Nuh"",""murajah"":""Al-Qadr til Ad-Duha""},""SATURDAY"":{""juz1"":""30"",""juz2"":""29"",""juz3"":"""",""juz4"":"""",""star"":""1"",""jadeed"":""69:10"",""juzhali"":""Nuh til Nuh"",""murajah"":""Al-Qadr til Ad-Duha""},""THURSDAY"":{""juz1"":""30"",""juz2"":""29"",""juz3"":"""",""juz4"":"""",""star"":""1"",""jadeed"":""70:44"",""juzhali"":""Nuh til Nuh"",""murajah"":""Al-Fatiha til Al-Asr""},""FRIDAY_15"":{""juz1"":""30"",""juz2"":""29"",""juz3"":"""",""juz4"":"""",""star"":""1"",""jadeed"":""68:20"",""juzhali"":""Al-Ma'arij til Nuh"",""murajah"":""Al-Layl til Al-Ghashiyah""},""MONDAY_11"":{""juz1"":""30"",""juz2"":""29"",""juz3"":"""",""juz4"":"""",""star"":""1"",""jadeed"":""69:52"",""juzhali"":""Nuh til Nuh"",""murajah"":""Al-Inshiqaq til An-Naba""},""MONDAY_18"":{""juz1"":""30"",""juz2"":""29"",""juz3"":"""",""juz4"":"""",""star"":""1"",""jadeed"":""68:35"",""juzhali"":""Al-Haqqah til Al-Haqqah"",""murajah"":""Al-Fatiha til Al-Asr""},""SUNDAY_10"":{""juz1"":""30"",""juz2"":""29"",""juz3"":"""",""juz4"":"""",""star"":""1"",""jadeed"":""69:50"",""juzhali"":""Al-Ma'arij til Al-Ma'arij"",""murajah"":""Al-Ala til Al-Inshiqaq""},""SUNDAY_17"":{""juz1"":""30"",""juz2"":""29"",""juz3"":"""",""juz4"":"""",""star"":""1"",""jadeed"":""68:30"",""juzhali"":""Al-Jinn til Al-Ma'arij"",""murajah"":""Al-Inshiqaq til An-Naba""},""WEDNESDAY"":{""juz1"":""30"",""juz2"":""29"",""juz3"":"""",""juz4"":"""",""star"":""1"",""jadeed"":""2:5"",""juzhali"":""1:1"",""murajah"":""Al-Fatiha til Aal-e-Imran""},""SATURDAY_9"":{""juz1"":""30"",""juz2"":""29"",""juz3"":"""",""juz4"":"""",""star"":""1"",""jadeed"":""69:45"",""juzhali"":""Al-Jinn til Al-Jinn"",""murajah"":""Al-Layl til Al-Ghashiyah""},""THURSDAY_7"":{""juz1"":""30"",""juz2"":""29"",""juz3"":"""",""juz4"":"""",""star"":""1"",""jadeed"":""69:35"",""juzhali"":""Al-Ma'arij til Al-Ma'arij"",""murajah"":""At-Takathur til Al-Bayyinah""},""TUESDAY_12"":{""juz1"":""30"",""juz2"":""29"",""juz3"":"""",""juz4"":"""",""star"":""1"",""jadeed"":""68:5"",""juzhali"":""Al-Jinn til Al-Jinn"",""murajah"":""Al-Fatiha til Al-Asr""},""TUESDAY_19"":{""juz1"":""30"",""juz2"":""29"",""juz3"":"""",""juz4"":"""",""star"":""1"",""jadeed"":""68:40"",""juzhali"":""Al-Ma'arij til Al-Ma'arij"",""murajah"":""At-Takathur til Al-Bayyinah""},""SATURDAY_16"":{""juz1"":""30"",""juz2"":""29"",""juz3"":"""",""juz4"":"""",""star"":""1"",""jadeed"":""68:25"",""juzhali"":""Nuh til Al-Jinn"",""murajah"":""Al-Ala til Al-Inshiqaq""},""THURSDAY_14"":{""juz1"":""30"",""juz2"":""29"",""juz3"":"""",""juz4"":"""",""star"":""1"",""jadeed"":""NO"",""juzhali"":""NO"",""murajah"":""NO""},""WEDNESDAY_6"":{""juz1"":""30"",""juz2"":""29"",""juz3"":"""",""juz4"":"""",""star"":""1"",""jadeed"":""69:30"",""juzhali"":""Al-Jinn til Al-Jinn"",""murajah"":""Al-Fatiha til Al-Asr""},""WEDNESDAY_13"":{""juz1"":""30"",""juz2"":""29"",""juz3"":"""",""juz4"":"""",""star"":""1"",""jadeed"":""68:10"",""juzhali"":""Al-Haqqah til Al-Ma'arij"",""murajah"":""At-Takathur til Al-Bayyinah""}}",2026-06-08 11:55:06.978+00
5,06396a54-2570-402d-b22c-5340828bdaed,"{""_mode"":""juz-wise"",""FRIDAY"":{""juz1"":""2"",""juz2"":""7"",""juz3"":""27"",""juz4"":"""",""star"":"""",""jadeed"":""12:63"",""juzhali"":""232:241"",""murajah"":""""},""MONDAY"":{""juz1"":""5"",""juz2"":""10"",""juz3"":""30"",""juz4"":"""",""star"":"""",""jadeed"":""12:75"",""juzhali"":""234:243"",""murajah"":""""},""SUNDAY"":{""juz1"":""4"",""juz2"":""9"",""juz3"":""29"",""juz4"":"""",""star"":"""",""jadeed"":""12:69"",""juzhali"":""233:242"",""murajah"":""""},""TUESDAY"":{""juz1"":""1"",""juz2"":""6"",""juz3"":""26"",""juz4"":"""",""star"":"""",""jadeed"":""12:78"",""juzhali"":""234:243"",""murajah"":""""},""FRIDAY_8"":{""juz1"":""4"",""juz2"":""9"",""juz3"":""29"",""jadeed"":""12:90"",""juzhali"":""236:245""},""SATURDAY"":{""juz1"":""3"",""juz2"":""8"",""juz3"":""28"",""juz4"":"""",""star"":"""",""jadeed"":""12:60"",""juzhali"":""232:241"",""murajah"":""""},""THURSDAY"":{""juz1"":""1"",""juz2"":""6"",""juz3"":""26"",""juz4"":"""",""star"":"""",""jadeed"":""12:58"",""juzhali"":""232:241"",""murajah"":""""},""FRIDAY_15"":{""juz1"":""5"",""juz2"":""8"",""juz3"":""30"",""jadeed"":""13:5"",""juzhali"":""239:248""},""MONDAY_11"":{""juz1"":""2"",""juz2"":""12"",""juz3"":""27"",""jadeed"":""12:103"",""juzhali"":""237:246""},""MONDAY_18"":{""juz1"":""3"",""juz2"":""6"",""juz3"":""26"",""jadeed"":""13:18"",""juzhali"":""241:250""},""SUNDAY_10"":{""juz1"":""1"",""juz2"":""11"",""juz3"":""26"",""jadeed"":""12:100"",""juzhali"":""237:246""},""SUNDAY_17"":{""juz1"":""2"",""juz2"":""10"",""juz3"":""12"",""jadeed"":""13:13"",""juzhali"":""240:249""},""WEDNESDAY"":{""juz1"":"""",""juz2"":"""",""juz3"":"""",""juz4"":"""",""star"":"""",""jadeed"":"""",""juzhali"":"""",""murajah"":""""},""SATURDAY_9"":{""juz1"":""5"",""juz2"":""10"",""juz3"":""30"",""jadeed"":""12:95"",""juzhali"":""236:245""},""THURSDAY_7"":{""juz1"":""3"",""juz2"":""8"",""juz3"":""28"",""jadeed"":""12:86"",""juzhali"":""235:244""},""TUESDAY_12"":{""juz1"":""3"",""juz2"":""6"",""juz3"":""28"",""jadeed"":""12:108"",""juzhali"":""238:247""},""SATURDAY_16"":{""juz1"":""1"",""juz2"":""9"",""juz3"":""11"",""jadeed"":""13:10"",""juzhali"":""240:249""},""THURSDAY_14"":{""juz1"":"""",""juz2"":"""",""juz3"":"""",""jadeed"":""NO"",""juzhali"":""NO""},""WEDNESDAY_6"":{""juz1"":""2"",""juz2"":""7"",""juz3"":""27"",""jadeed"":""12:81"",""juzhali"":""235:244""},""WEDNESDAY_13"":{""juz1"":""4"",""juz2"":""7"",""juz3"":""19"",""jadeed"":""12:111"",""juzhali"":""238:247""}}",2026-06-30 10:29:08.301+00
8,408ec206-5476-4e07-946d-27f9f5560f99,"{""_mode"":""juz-wise"",""FRIDAY"":{""juz1"":""2"",""juz2"":""10"",""juz3"":""18"",""juz4"":""26"",""star"":"""",""jadeed"":""NO"",""juzhali"":""NO""},""MONDAY"":{""juz1"":""5"",""juz2"":""13"",""juz3"":""21"",""juz4"":""29"",""star"":"""",""jadeed"":""NO"",""juzhali"":""NO""},""SUNDAY"":{""juz1"":""4"",""juz2"":""12"",""juz3"":""20"",""juz4"":""28"",""star"":"""",""jadeed"":""NO"",""juzhali"":""NO""},""TUESDAY"":{""juz1"":""6"",""juz2"":""14"",""juz3"":""22"",""juz4"":""30"",""star"":"""",""jadeed"":""NO"",""juzhali"":""NO""},""FRIDAY_8"":{""juz1"":""1"",""juz2"":""9"",""juz3"":""17"",""juz4"":""25"",""star"":"""",""jadeed"":""NO"",""juzhali"":""NO""},""SATURDAY"":{""juz1"":""3"",""juz2"":""11"",""juz3"":""19"",""juz4"":""27"",""star"":"""",""jadeed"":""NO"",""juzhali"":""NO""},""THURSDAY"":{""juz1"":""1"",""juz2"":""9"",""juz3"":""17"",""juz4"":""25"",""star"":"""",""jadeed"":""NO"",""juzhali"":""NO""},""FRIDAY_15"":{""juz1"":""8"",""juz2"":""16"",""juz3"":""24"",""juz4"":"""",""star"":"""",""jadeed"":""NO"",""juzhali"":""NO""},""MONDAY_11"":{""juz1"":""4"",""juz2"":""12"",""juz3"":""20"",""juz4"":""28"",""star"":"""",""jadeed"":""NO"",""juzhali"":""NO""},""MONDAY_18"":{""juz1"":""3"",""juz2"":""11"",""juz3"":""19"",""juz4"":""27"",""jadeed"":""NO"",""juzhali"":""NO""},""SUNDAY_10"":{""juz1"":""3"",""juz2"":""11"",""juz3"":""19"",""juz4"":""27"",""star"":"""",""jadeed"":""NO"",""juzhali"":""NO""},""SUNDAY_17"":{""juz1"":""2"",""juz2"":""10"",""juz3"":""18"",""juz4"":""26"",""star"":"""",""jadeed"":""NO"",""juzhali"":""NO""},""WEDNESDAY"":{""juz1"":"""",""juz2"":"""",""juz3"":"""",""juz4"":"""",""star"":""""},""SATURDAY_9"":{""juz1"":""2"",""juz2"":""10"",""juz3"":""18"",""juz4"":""26"",""star"":"""",""jadeed"":""NO"",""juzhali"":""NO""},""THURSDAY_7"":{""juz1"":""8"",""juz2"":""16"",""juz3"":""24"",""juz4"":"""",""star"":"""",""jadeed"":""NO"",""juzhali"":""NO""},""TUESDAY_12"":{""juz1"":""5"",""juz2"":""13"",""juz3"":""21"",""juz4"":""29"",""star"":"""",""jadeed"":""NO"",""juzhali"":""NO""},""TUESDAY_19"":{""juz1"":""4"",""juz2"":""12"",""juz3"":""20"",""juz4"":""24""},""SATURDAY_16"":{""juz1"":""1"",""juz2"":""9"",""juz3"":""17"",""juz4"":""25"",""star"":"""",""jadeed"":""NO"",""juzhali"":""NO""},""THURSDAY_14"":{""juz1"":""7"",""juz2"":""15"",""juz3"":""23"",""juz4"":"""",""star"":"""",""jadeed"":""NO"",""juzhali"":""NO""},""WEDNESDAY_6"":{""juz1"":""7"",""juz2"":""15"",""juz3"":""23"",""juz4"":"""",""star"":"""",""jadeed"":""NO"",""juzhali"":""NO""},""WEDNESDAY_13"":{""juz1"":""6"",""juz2"":""14"",""juz3"":""22"",""juz4"":""30"",""star"":"""",""jadeed"":""NO"",""juzhali"":""NO""}}",2026-06-08 12:12:44.32+00
14,9536fa54-1bd3-42c4-908e-6ff55c77b7ae,"{""_mode"":""juz-wise"",""FRIDAY"":{""juz1"":""سورة النبأ"",""juz2"":""سي"",""juz3"":""سورة الانشقاق "",""juz4"":"""",""star"":"""",""jadeed"":""80:27"",""juzhali"":""Al-Infitar til Al-Infitar"",""murajah"":""An-Nasr til Al-Asr""},""MONDAY"":{""juz1"":""Holiday"",""juz2"":""Holiday"",""juz3"":""Holiday"",""juz4"":"""",""star"":"""",""jadeed"":""80:35"",""juzhali"":""Al-Infitar til Al-Infitar"",""murajah"":""Al-Layl til Al-Ghashiyah""},""SUNDAY"":{""juz1"":""Holiday"",""juz2"":""Holiday"",""juz3"":""Holiday"",""juz4"":"""",""star"":"""",""jadeed"":""80:32"",""juzhali"":""At-Takwir til At-Takwir"",""murajah"":""Al-Qadr til Ad-Duha""},""TUESDAY"":{""juz1"":""Eid ul Adha"",""juz2"":""Eid ul Adha"",""juz3"":""Edi ul Adha"",""juz4"":"""",""star"":"""",""jadeed"":""80:38"",""juzhali"":""Al-Mutaffifin til Al-Mutaffifin"",""murajah"":""Al-Ala til Al-Inshiqaq""},""FRIDAY_8"":{""juz1"":""سورة العصر"",""juz2"":""سي"",""juz3"":""سورة الفاتحة "",""juz4"":"""",""star"":"""",""jadeed"":""79:5"",""juzhali"":""Abasa til Al-Mutaffifin"",""murajah"":""At-Takathur til Al-Bayyinah""},""SATURDAY"":{""juz1"":""سورة العصر"",""juz2"":""سي"",""juz3"":""سورة الفاتحة "",""juz4"":"""",""star"":"""",""jadeed"":""80:30"",""juzhali"":""Al-Mutaffifin til Al-Mutaffifin"",""murajah"":""At-Takathur til Al-Bayyinah""},""THURSDAY"":{""juz1"":""سورة البروج"",""juz2"":""سي"",""juz3"":""سورة الغاشية "",""juz4"":"""",""star"":"""",""jadeed"":""80:25"",""juzhali"":""At-Takwir til At-Takwir"",""murajah"":""An-Nas til Al-Masad""},""FRIDAY_15"":{""juz1"":""Holiday"",""juz2"":""Holiday"",""juz3"":""Holiday"",""juz4"":"""",""star"":"""",""jadeed"":""79:40"",""juzhali"":""Al-Mutaffifin til Al-Mutaffifin"",""murajah"":""Al-Qadr til Ad-Duha""},""MONDAY_11"":{""juz1"":""Eid ul Adha"",""juz2"":""Eid ul Adha"",""juz3"":""Edi ul Adha"",""juz4"":"""",""star"":"""",""jadeed"":""79:20"",""juzhali"":""Al-Mutaffifin til Al-Mutaffifin"",""murajah"":""Al-Ala til Al-Inshiqaq""},""MONDAY_18"":{""juz1"":""سورة البروج"",""juz2"":""سي"",""juz3"":""سورة الغاشية "",""juz4"":"""",""star"":"""",""jadeed"":""78:5"",""juzhali"":""Al-Infitar til Al-Infitar"",""murajah"":""An-Nas til Al-Masad""},""SUNDAY_10"":{""juz1"":""Holiday"",""juz2"":""Holiday"",""juz3"":""Holiday"",""juz4"":"""",""star"":"""",""jadeed"":""79:15"",""juzhali"":""Al-Infitar til Al-Infitar"",""murajah"":""Al-Layl til Al-Ghashiyah""},""SUNDAY_17"":{""juz1"":""Eid ul Adha"",""juz2"":""Eid ul Adha"",""juz3"":""Edi ul Adha"",""juz4"":"""",""star"":"""",""jadeed"":""79:46"",""juzhali"":""At-Takwir til At-Takwir"",""murajah"":""Al-Ala til Al-Inshiqaq""},""WEDNESDAY"":{""juz1"":""Holiday"",""juz2"":""Holiday"",""juz3"":""Holiday"",""juz4"":"""",""star"":""""},""SATURDAY_9"":{""juz1"":""Holiday"",""juz2"":""Holiday"",""juz3"":""Holiday"",""juz4"":"""",""star"":"""",""jadeed"":""79:10"",""juzhali"":""At-Takwir til At-Takwir"",""murajah"":""Al-Qadr til Ad-Duha""},""THURSDAY_7"":{""juz1"":""سورة النبأ"",""juz2"":""سي"",""juz3"":""سورة الانشقاق "",""juz4"":"""",""star"":"""",""jadeed"":""80:42"",""juzhali"":""Al-Infitar til Al-Infitar"",""murajah"":""An-Nasr til Al-Asr""},""TUESDAY_12"":{""juz1"":""سورة البروج"",""juz2"":""سي"",""juz3"":""سورة الغاشية "",""juz4"":"""",""star"":"""",""jadeed"":""79:25"",""juzhali"":""Abasa til Abasa"",""murajah"":""An-Nas til Al-Masad""},""TUESDAY_19"":{""juz1"":""سورة النبأ"",""juz2"":""سي"",""juz3"":""سورة الانشقاق "",""juz4"":"""",""star"":"""",""jadeed"":""78:10"",""juzhali"":""586:588"",""murajah"":""An-Nasr til Al-Asr""},""SATURDAY_16"":{""juz1"":""Holiday"",""juz2"":""Holiday"",""juz3"":""Holiday"",""juz4"":"""",""star"":"""",""jadeed"":""79:45"",""juzhali"":""Abasa til Abasa"",""murajah"":""Al-Layl til Al-Ghashiyah""},""THURSDAY_14"":{""juz1"":""سورة العصر"",""juz2"":""سي"",""juz3"":""سورة الفاتحة "",""juz4"":"""",""star"":"""",""jadeed"":""79:35"",""juzhali"":""Al-Infitar til Al-Infitar"",""murajah"":""At-Takathur til Al-Bayyinah""},""WEDNESDAY_6"":{""juz1"":""سورة البروج"",""juz2"":""سي"",""juz3"":""سورة الغاشية "",""juz4"":"""",""star"":"""",""jadeed"":""80:40"",""juzhali"":""At-Takwir til At-Takwir"",""murajah"":""An-Nas til Al-Masad""},""WEDNESDAY_13"":{""juz1"":""سورة النبأ"",""juz2"":""سي"",""juz3"":""سورة الانشقاق "",""juz4"":"""",""star"":"""",""jadeed"":""79:30"",""juzhali"":""At-Takwir til At-Takwir"",""murajah"":""An-Nasr til Al-Asr""}}",2026-07-08 04:04:54.34+00
17,43ad7291-43ff-49f7-8ae8-543a31eced80,"{""_mode"":""surah-wise"",""FRIDAY"":{""juz1"":"""",""juz2"":"""",""juz3"":"""",""juz4"":"""",""star"":"""",""jadeed"":""NO"",""juzhali"":""Al-Mujadilah til Al-Mumtahanah"",""murajah"":""Al-Fajr til An-Naba""},""MONDAY"":{""juz1"":""Holiday"",""juz2"":""Holiday"",""juz3"":""Holiday "",""juz4"":"""",""star"":"""",""jadeed"":""NO"",""juzhali"":""Al-Mujadilah til Al-Mumtahanah"",""murajah"":""At-Tahrim til Al-Jumu'ah""},""SUNDAY"":{""juz1"":"""",""juz2"":"""",""juz3"":"""",""juz4"":"""",""star"":"""",""jadeed"":""NO"",""juzhali"":""Al-Mujadilah til As-Saff"",""murajah"":""Nuh til Al-Mulk""},""TUESDAY"":{""juz1"":""Holiday "",""juz2"":""Holiday "",""juz3"":""Holiday "",""juz4"":"""",""star"":"""",""jadeed"":""NO"",""juzhali"":""Al-Mujadilah til Al-Mumtahanah"",""murajah"":""As-Saff til Al-Mujadilah""},""FRIDAY_8"":{""juz1"":"""",""juz2"":"""",""juz3"":"""",""juz4"":"""",""star"":"""",""jadeed"":""NO"",""juzhali"":""Al-Mujadilah til As-Saff"",""murajah"":""Al-Mursalat til Al-Jinn""},""SATURDAY"":{""juz1"":"""",""juz2"":"""",""juz3"":"""",""juz4"":"""",""star"":"""",""jadeed"":""NO"",""juzhali"":""Al-Mujadilah til As-Saff"",""murajah"":""Al-Mursalat til Al-Jinn""},""THURSDAY"":{""juz1"":"""",""juz2"":"""",""juz3"":"""",""juz4"":"""",""star"":"""",""jadeed"":""58:22"",""juzhali"":""Al-Mumtahanah til As-Saff"",""murajah"":""An-Nas til Al-Balad""},""FRIDAY_15"":{""juz1"":"""",""juz2"":"""",""juz3"":"""",""juz4"":"""",""star"":"""",""jadeed"":""NO"",""juzhali"":""Al-Mujadilah til As-Saff"",""murajah"":""Nuh til Al-Mulk""},""MONDAY_11"":{""juz1"":""Holiday "",""juz2"":""Holiday "",""juz3"":""Holiday "",""juz4"":"""",""star"":"""",""jadeed"":""NO"",""juzhali"":""Al-Mujadilah til Al-Mumtahanah"",""murajah"":""As-Saff til Al-Mujadilah""},""SUNDAY_10"":{""juz1"":""Holiday"",""juz2"":""Holiday"",""juz3"":""Holiday "",""juz4"":"""",""star"":"""",""jadeed"":""NO"",""juzhali"":""Al-Mujadilah til Al-Mumtahanah"",""murajah"":""At-Tahrim til Al-Jumu'ah""},""SUNDAY_17"":{""juz1"":""Holiday "",""juz2"":""Holiday "",""juz3"":""Holiday "",""juz4"":"""",""star"":"""",""jadeed"":""NO"",""juzhali"":""Al-Mujadilah til Al-Mumtahanah"",""murajah"":""As-Saff til Al-Mujadilah""},""WEDNESDAY"":{""juz1"":""Holiday "",""juz2"":""Holiday "",""juz3"":""Holiday "",""juz4"":"""",""star"":""""},""SATURDAY_9"":{""juz1"":"""",""juz2"":"""",""juz3"":"""",""juz4"":"""",""star"":"""",""jadeed"":""NO"",""juzhali"":""Al-Mujadilah til As-Saff"",""murajah"":""Nuh til Al-Mulk""},""THURSDAY_7"":{""juz1"":"""",""juz2"":"""",""juz3"":"""",""juz4"":"""",""star"":"""",""jadeed"":""NO"",""juzhali"":""Al-Mujadilah til Al-Mumtahanah"",""murajah"":""Al-Fajr til An-Naba""},""TUESDAY_12"":{""juz1"":"""",""juz2"":"""",""juz3"":"""",""juz4"":"""",""star"":"""",""jadeed"":""58:22"",""juzhali"":""Al-Mumtahanah til As-Saff"",""murajah"":""An-Nas til Al-Balad""},""SATURDAY_16"":{""juz1"":""Holiday"",""juz2"":""Holiday"",""juz3"":""Holiday "",""juz4"":"""",""star"":"""",""jadeed"":""NO"",""juzhali"":""Al-Mujadilah til Al-Mumtahanah"",""murajah"":""At-Tahrim til Al-Jumu'ah""},""THURSDAY_14"":{""juz1"":"""",""juz2"":"""",""juz3"":"""",""juz4"":"""",""star"":"""",""jadeed"":""NO"",""juzhali"":""Al-Mujadilah til As-Saff"",""murajah"":""Al-Mursalat til Al-Jinn""},""WEDNESDAY_6"":{""juz1"":"""",""juz2"":"""",""juz3"":"""",""juz4"":"""",""star"":"""",""jadeed"":""58:22"",""juzhali"":""Al-Mumtahanah til As-Saff"",""murajah"":""An-Nas til Al-Balad""},""WEDNESDAY_13"":{""juz1"":"""",""juz2"":"""",""juz3"":"""",""juz4"":"""",""star"":"""",""jadeed"":""NO"",""juzhali"":""Al-Mujadilah til Al-Mumtahanah"",""murajah"":""Al-Fajr til An-Naba""}}",2026-06-08 11:24:25.821+00
19,2873a7f1-1599-477c-b5c0-f53639c7bfca,"{""_mode"":""juz-wise"",""FRIDAY"":{""juz1"":""2"",""juz2"":""9"",""juz3"":""14"",""juz4"":"""",""star"":"""",""jadeed"":""22:55"",""juzhali"":""328:337""},""MONDAY"":{""juz1"":""5"",""juz2"":""6"",""juz3"":""11"",""juz4"":"""",""star"":"""",""jadeed"":""22:78"",""juzhali"":""331:340""},""SUNDAY"":{""juz1"":""4"",""juz2"":""7"",""juz3"":""12"",""juz4"":"""",""star"":"""",""jadeed"":""22:72"",""juzhali"":""331:340""},""TUESDAY"":{""juz1"":""30"",""juz2"":""16"",""juz3"":"""",""juz4"":"""",""star"":"""",""jadeed"":""23:17"",""juzhali"":""333:342""},""FRIDAY_8"":{""juz1"":""3"",""juz2"":""8"",""juz3"":""13"",""juz4"":"""",""star"":"""",""jadeed"":""22:64"",""juzhali"":""330:339""},""SATURDAY"":{""juz1"":""3"",""juz2"":""8"",""juz3"":""13"",""juz4"":"""",""star"":"""",""jadeed"":""22:64"",""juzhali"":""330:339""},""THURSDAY"":{""juz1"":""1"",""juz2"":""10"",""juz3"":""15"",""juz4"":"""",""star"":"""",""jadeed"":""22:46"",""juzhali"":""327:336""},""FRIDAY_15"":{""juz1"":""4"",""juz2"":""7"",""juz3"":""12"",""juz4"":"""",""star"":"""",""jadeed"":""24:20"",""juzhali"":""342:351""},""MONDAY_11"":{""juz1"":""30"",""juz2"":""16"",""juz3"":""17"",""juz4"":"""",""star"":"""",""jadeed"":""23:89"",""juzhali"":""337:346""},""MONDAY_18"":{""juz1"":""1"",""juz2"":""10"",""juz3"":""15"",""jadeed"":""24:36"",""juzhali"":""344:353""},""SUNDAY_10"":{""juz1"":""5"",""juz2"":""6"",""juz3"":""11"",""juz4"":"""",""star"":"""",""jadeed"":""23:74"",""juzhali"":""336:345""},""SUNDAY_17"":{""juz1"":""30"",""juz2"":""16"",""juz3"":""17"",""juz4"":"""",""star"":"""",""jadeed"":""24:31"",""juzhali"":""344:353""},""WEDNESDAY"":{""juz1"":"""",""juz2"":"""",""juz3"":"""",""juz4"":"""",""star"":""""},""SATURDAY_9"":{""juz1"":""4"",""juz2"":""7"",""juz3"":""12"",""juz4"":"""",""star"":"""",""jadeed"":""23:59"",""juzhali"":""335:344""},""THURSDAY_7"":{""juz1"":""2"",""juz2"":""9"",""juz3"":""14"",""juz4"":"""",""star"":"""",""jadeed"":""23:42"",""juzhali"":""334:343""},""TUESDAY_12"":{""juz1"":""1"",""juz2"":""10"",""juz3"":""15"",""juz4"":"""",""star"":"""",""jadeed"":""23:104"",""juzhali"":""338:347""},""TUESDAY_19"":{""juz1"":""2"",""juz2"":""9"",""juz3"":""14"",""jadeed"":""24:43"",""juzhali"":""345:354""},""SATURDAY_16"":{""juz1"":""5"",""juz2"":""6"",""juz3"":""11"",""juz4"":"""",""star"":"""",""jadeed"":""24:27"",""juzhali"":""343:352""},""THURSDAY_14"":{""juz1"":""3"",""juz2"":""8"",""juz3"":""13"",""juz4"":"""",""star"":"""",""jadeed"":""24:10"",""juzhali"":""341:350""},""WEDNESDAY_6"":{""juz1"":""1"",""juz2"":""10"",""juz3"":""15"",""juz4"":"""",""star"":"""",""jadeed"":""23:27"",""juzhali"":""333:342""},""WEDNESDAY_13"":{""juz1"":""2"",""juz2"":""9"",""juz3"":""14"",""juz4"":"""",""star"":"""",""jadeed"":""23:118"",""juzhali"":""339:348""}}",2026-06-06 16:00:39.514+00
30,4fe800b2-b745-4cd4-8ed1-517b28dbe0e3,"{""_mode"":""surah-wise"",""FRIDAY"":{""juz1"":"""",""juz2"":"""",""juz3"":"""",""juz4"":"""",""star"":"""",""jadeed"":""99:4"",""juzhali"":""600:601"",""murajah"":""An-Nasr til Al-Asr""},""MONDAY"":{""juz1"":"""",""juz2"":"""",""juz3"":"""",""juz4"":"""",""star"":"""",""jadeed"":""99:7"",""juzhali"":""600:601"",""murajah"":""Al-Fatiha til Al-Masad""},""SUNDAY"":{""juz1"":"""",""juz2"":"""",""juz3"":"""",""juz4"":"""",""star"":"""",""jadeed"":""99:6"",""juzhali"":""600:601"",""murajah"":""An-Nasr til Al-Asr""},""TUESDAY"":{""juz1"":"""",""juz2"":"""",""juz3"":"""",""juz4"":"""",""star"":"""",""jadeed"":""99:8"",""juzhali"":""600:601"",""murajah"":""An-Nasr til Al-Asr""},""FRIDAY_8"":{""juz1"":"""",""juz2"":"""",""juz3"":"""",""juz4"":"""",""star"":"""",""jadeed"":""98:2"",""juzhali"":""600:601"",""murajah"":""An-Nas til Al-Masad""},""SATURDAY"":{""juz1"":"""",""juz2"":"""",""juz3"":"""",""juz4"":"""",""star"":"""",""jadeed"":""99:5"",""juzhali"":""600:601"",""murajah"":""An-Nas til Al-Masad""},""THURSDAY"":{""juz1"":"""",""juz2"":"""",""juz3"":"""",""juz4"":"""",""star"":"""",""jadeed"":""99:3"",""juzhali"":""Al-Adiyat til Al-Adiyat"",""murajah"":""Al-Fatiha til Al-Masad""},""FRIDAY_15"":{""juz1"":"""",""juz2"":"""",""juz3"":"""",""juz4"":"""",""star"":"""",""jadeed"":""97:1"",""juzhali"":""600:601"",""murajah"":""An-Nasr til Al-Asr""},""MONDAY_11"":{""juz1"":"""",""juz2"":"""",""juz3"":"""",""juz4"":"""",""star"":"""",""jadeed"":""98:5"",""juzhali"":""600:601"",""murajah"":""An-Nasr til Al-Asr""},""MONDAY_18"":{""juz1"":"""",""juz2"":"""",""juz3"":"""",""juz4"":"""",""star"":"""",""jadeed"":""97:4"",""juzhali"":""600:601"",""murajah"":""Al-Fatiha til Al-Masad""},""SUNDAY_10"":{""juz1"":"""",""juz2"":"""",""juz3"":"""",""juz4"":"""",""star"":"""",""jadeed"":""98:4"",""juzhali"":""600:601"",""murajah"":""Al-Fatiha til Al-Masad""},""SUNDAY_17"":{""juz1"":"""",""juz2"":"""",""juz3"":"""",""juz4"":"""",""star"":"""",""jadeed"":""97:3"",""juzhali"":""600:601"",""murajah"":""An-Nasr til Al-Asr""},""WEDNESDAY"":{""juz1"":"""",""juz2"":"""",""juz3"":"""",""juz4"":"""",""star"":"""",""jadeed"":"""",""juzhali"":"""",""murajah"":""""},""SATURDAY_9"":{""juz1"":"""",""juz2"":"""",""juz3"":"""",""juz4"":"""",""star"":"""",""jadeed"":""98:3"",""juzhali"":""600:601"",""murajah"":""An-Nasr til Al-Asr""},""THURSDAY_7"":{""juz1"":"""",""juz2"":"""",""juz3"":"""",""juz4"":"""",""star"":"""",""jadeed"":""98:1"",""juzhali"":""600:601"",""murajah"":""An-Nasr til Al-Asr""},""TUESDAY_12"":{""juz1"":"""",""juz2"":"""",""juz3"":"""",""juz4"":"""",""star"":"""",""jadeed"":""98:6"",""juzhali"":""600:601"",""murajah"":""Al-Fatiha til Al-Masad""},""TUESDAY_19"":{""juz1"":"""",""juz2"":"""",""juz3"":"""",""juz4"":"""",""star"":"""",""jadeed"":""97:5"",""juzhali"":""600:601"",""murajah"":""An-Nasr til Al-Asr""},""SATURDAY_16"":{""juz1"":"""",""juz2"":"""",""juz3"":"""",""juz4"":"""",""star"":"""",""jadeed"":""97:2"",""juzhali"":""600:601"",""murajah"":""Al-Fatiha til Al-Masad""},""THURSDAY_14"":{""juz1"":"""",""juz2"":"""",""juz3"":"""",""juz4"":"""",""star"":"""",""jadeed"":""98:8"",""juzhali"":""600:601"",""murajah"":""An-Nas til Al-Masad""},""WEDNESDAY_6"":{""juz1"":"""",""juz2"":"""",""juz3"":"""",""juz4"":"""",""star"":"""",""jadeed"":""98:1"",""juzhali"":""599:600"",""murajah"":""Al-Fatiha til Al-Masad""},""WEDNESDAY_13"":{""juz1"":"""",""juz2"":"""",""juz3"":"""",""juz4"":"""",""star"":"""",""jadeed"":""98:7"",""juzhali"":""600:601"",""murajah"":""An-Nasr til Al-Asr""}}",2026-06-08 08:04:00.449+00
136,37f5cde0-9ea5-4e0d-a394-58c8c773cddc,"{""_mode"":""surah-wise"",""FRIDAY"":{""juz1"":""29"",""juz2"":"""",""juz3"":"""",""juz4"":"""",""star"":"""",""jadeed"":""69:3"",""juzhali"":""568:571"",""murajah"":""Al-Fajr til An-Naba""},""MONDAY"":{""juz1"":""30"",""juz2"":"""",""juz3"":"""",""juz4"":"""",""star"":"""",""jadeed"":""69:7"",""juzhali"":""568:571"",""murajah"":""Al-Fajr til An-Naba""},""SUNDAY"":{""juz1"":""29"",""juz2"":"""",""juz3"":"""",""juz4"":"""",""star"":"""",""jadeed"":""69:6"",""juzhali"":""568:571"",""murajah"":""An-Nas til Al-Balad""},""TUESDAY"":{""juz1"":""29"",""juz2"":"""",""juz3"":"""",""juz4"":"""",""star"":"""",""jadeed"":""69:8"",""juzhali"":""568:571"",""murajah"":""Al-Mursalat til Al-Jinn""},""FRIDAY_8"":{""juz1"":""30"",""juz2"":"""",""juz3"":"""",""juz4"":"""",""star"":"""",""jadeed"":""69:11"",""juzhali"":""568:571"",""murajah"":""Al-Mursalat til Al-Jinn""},""SATURDAY"":{""juz1"":""30"",""juz2"":"""",""juz3"":"""",""juz4"":"""",""star"":"""",""jadeed"":""69:5"",""juzhali"":""568:571"",""murajah"":""Al-Mursalat til Al-Jinn""},""THURSDAY"":{""juz1"":""30"",""juz2"":"""",""juz3"":"""",""juz4"":"""",""star"":"""",""jadeed"":""69:1"",""juzhali"":""568:571"",""murajah"":""An-Nas til Al-Balad""},""FRIDAY_15"":{""juz1"":""29"",""juz2"":"""",""juz3"":"""",""juz4"":"""",""star"":"""",""jadeed"":""69:18"",""juzhali"":""568:571"",""murajah"":""Al-Mursalat til Al-Jinn""},""MONDAY_11"":{""juz1"":""29"",""juz2"":"""",""juz3"":"""",""juz4"":"""",""star"":"""",""jadeed"":""69:14"",""juzhali"":""568:571"",""murajah"":""Al-Fajr til An-Naba""},""MONDAY_18"":{""juz1"":""30"",""juz2"":"""",""juz3"":"""",""juz4"":"""",""star"":"""",""jadeed"":""69:21"",""juzhali"":""568:571"",""murajah"":""Al-Mursalat til Al-Jinn""},""SUNDAY_10"":{""juz1"":""30"",""juz2"":"""",""juz3"":"""",""juz4"":"""",""star"":"""",""jadeed"":""69:13"",""juzhali"":""568:571"",""murajah"":""An-Nas til Al-Balad""},""SUNDAY_17"":{""juz1"":""29"",""juz2"":"""",""juz3"":"""",""juz4"":"""",""star"":"""",""jadeed"":""69:20"",""juzhali"":""568:571"",""murajah"":""Al-Fajr til An-Naba""},""WEDNESDAY"":{""juz1"":"""",""juz2"":"""",""juz3"":"""",""juz4"":"""",""star"":"""",""jadeed"":"""",""juzhali"":"""",""murajah"":""""},""SATURDAY_9"":{""juz1"":""29"",""juz2"":"""",""juz3"":"""",""juz4"":"""",""star"":"""",""jadeed"":""69:12"",""juzhali"":""568:571"",""murajah"":""Nuh til Al-Ma'arij""},""THURSDAY_7"":{""juz1"":""29"",""juz2"":"""",""juz3"":"""",""juz4"":"""",""star"":"""",""jadeed"":""69:10"",""juzhali"":""568:571"",""murajah"":""Al-Fajr til An-Naba""},""TUESDAY_12"":{""juz1"":""30"",""juz2"":"""",""juz3"":"""",""juz4"":"""",""star"":"""",""jadeed"":""69:15"",""juzhali"":""568:571"",""murajah"":""Al-Mursalat til Al-Jinn""},""TUESDAY_19"":{""juz1"":""29"",""juz2"":"""",""juz3"":"""",""juz4"":"""",""star"":"""",""jadeed"":""69:22"",""juzhali"":""568:571"",""murajah"":""Nuh til Al-Haqqah""},""SATURDAY_16"":{""juz1"":""30"",""juz2"":"""",""juz3"":"""",""juz4"":"""",""star"":"""",""jadeed"":""69:19"",""juzhali"":""568:571"",""murajah"":""An-Nas til Al-Balad""},""THURSDAY_14"":{""juz1"":""30"",""juz2"":"""",""juz3"":"""",""juz4"":"""",""star"":"""",""jadeed"":""69:17"",""juzhali"":""568:571"",""murajah"":""Al-Fajr til An-Naba""},""WEDNESDAY_6"":{""juz1"":""30"",""juz2"":"""",""juz3"":"""",""juz4"":"""",""star"":"""",""jadeed"":""69:9"",""juzhali"":""568:571"",""murajah"":""An-Nas til Al-Balad""},""WEDNESDAY_13"":{""juz1"":""29"",""juz2"":"""",""juz3"":"""",""juz4"":"""",""star"":"""",""jadeed"":""69:16"",""juzhali"":""568:571"",""murajah"":""An-Nas til Al-Balad""}}",2026-06-06 17:08:55.12+00
137,780a051c-b387-48fb-9430-caf747aaefe5,"{""_mode"":""surah-wise"",""FRIDAY"":{""juz1"":""30"",""juz2"":"""",""juz3"":"""",""juz4"":"""",""star"":"""",""jadeed"":""83:5"",""juzhali"":""NO"",""murajah"":""Al-Bayyinah til Al-Balad""},""MONDAY"":{""juz1"":""30"",""juz2"":"""",""juz3"":"""",""juz4"":"""",""star"":"""",""jadeed"":""83:6"",""juzhali"":""NO"",""murajah"":""Al-Bayyinah til Al-Balad""},""SUNDAY"":{""juz1"":""30"",""juz2"":"""",""juz3"":"""",""juz4"":"""",""star"":"""",""jadeed"":""83:6"",""juzhali"":""NO"",""murajah"":""An-Nas til Az-Zalzalah""},""TUESDAY"":{""juz1"":""30"",""juz2"":"""",""juz3"":"""",""juz4"":"""",""star"":"""",""jadeed"":""83:7"",""juzhali"":""NO"",""murajah"":""Al-Fajr til Al-Inshiqaq""},""FRIDAY_8"":{""juz1"":""30"",""juz2"":"""",""juz3"":"""",""juz4"":"""",""star"":"""",""jadeed"":""83:8"",""juzhali"":""NO"",""murajah"":""Al-Fajr til Al-Inshiqaq""},""SATURDAY"":{""juz1"":""30"",""juz2"":"""",""juz3"":"""",""juz4"":"""",""star"":"""",""jadeed"":""83:5"",""juzhali"":""NO"",""murajah"":""Al-Fajr til Al-Inshiqaq""},""THURSDAY"":{""juz1"":""30"",""juz2"":"""",""juz3"":"""",""juz4"":"""",""star"":"""",""jadeed"":""83:4"",""juzhali"":""NO"",""murajah"":""An-Nas til Az-Zalzalah""},""FRIDAY_15"":{""juz1"":""30"",""juz2"":"""",""juz3"":"""",""juz4"":"""",""star"":"""",""jadeed"":""83:12"",""juzhali"":""NO"",""murajah"":""An-Nas til Az-Zalzalah""},""MONDAY_11"":{""juz1"":""30"",""juz2"":"""",""juz3"":"""",""juz4"":"""",""star"":"""",""jadeed"":""83:10"",""juzhali"":""NO"",""murajah"":""Al-Fajr til Al-Inshiqaq""},""MONDAY_18"":{""juz1"":""30"",""juz2"":"""",""juz3"":"""",""juz4"":"""",""star"":"""",""jadeed"":""83:13"",""juzhali"":""NO"",""murajah"":""An-Nas til Az-Zalzalah""},""SUNDAY_10"":{""juz1"":""30"",""juz2"":"""",""juz3"":"""",""juz4"":"""",""star"":"""",""jadeed"":""83:9"",""juzhali"":""NO"",""murajah"":""Al-Bayyinah til Al-Balad""},""SUNDAY_17"":{""juz1"":""30"",""juz2"":"""",""juz3"":"""",""juz4"":"""",""star"":"""",""jadeed"":""83:13"",""juzhali"":""NO"",""murajah"":""Al-Fajr til Al-Inshiqaq""},""WEDNESDAY"":{""juz1"":"""",""juz2"":"""",""juz3"":"""",""juz4"":"""",""star"":"""",""jadeed"":"""",""juzhali"":"""",""murajah"":""""},""SATURDAY_9"":{""juz1"":""30"",""juz2"":"""",""juz3"":"""",""juz4"":"""",""star"":"""",""jadeed"":""83:9"",""juzhali"":""NO"",""murajah"":""An-Nas til Az-Zalzalah""},""THURSDAY_7"":{""juz1"":""30"",""juz2"":"""",""juz3"":"""",""juz4"":"""",""star"":"""",""jadeed"":""83:8"",""juzhali"":""NO"",""murajah"":""Al-Bayyinah til Al-Balad""},""TUESDAY_12"":{""juz1"":""30"",""juz2"":"""",""juz3"":"""",""juz4"":"""",""star"":"""",""jadeed"":""83:10"",""juzhali"":""NO"",""murajah"":""An-Nas til Az-Zalzalah""},""TUESDAY_19"":{""juz1"":""30"",""juz2"":"""",""juz3"":"""",""juz4"":"""",""star"":"""",""jadeed"":""83:14"",""juzhali"":"""",""murajah"":""Al-Bayyinah til Al-Balad""},""SATURDAY_16"":{""juz1"":""30"",""juz2"":"""",""juz3"":"""",""juz4"":"""",""star"":"""",""jadeed"":""83:12"",""juzhali"":""NO"",""murajah"":""Al-Bayyinah til Al-Balad""},""THURSDAY_14"":{""juz1"":""30"",""juz2"":"""",""juz3"":"""",""juz4"":"""",""star"":"""",""jadeed"":""83:11"",""juzhali"":""NO"",""murajah"":""Al-Fajr til Al-Inshiqaq""},""WEDNESDAY_6"":{""juz1"":""30"",""juz2"":"""",""juz3"":"""",""juz4"":"""",""star"":"""",""jadeed"":""83:7"",""juzhali"":""NO"",""murajah"":""An-Nas til Az-Zalzalah""},""WEDNESDAY_13"":{""juz1"":""30"",""juz2"":"""",""juz3"":"""",""juz4"":"""",""star"":"""",""jadeed"":""83:11"",""juzhali"":""NO"",""murajah"":""Al-Bayyinah til Al-Balad""}}",2026-06-08 11:57:51.137+00
146,09b4a179-788b-4285-b8fd-40de0dc90153,"{""_mode"":""surah-wise"",""FRIDAY"":{""juz1"":""29"",""juz2"":"""",""juz3"":"""",""juz4"":"""",""star"":"""",""jadeed"":""61:12"",""juzhali"":""553:556"",""murajah"":""Al-Fajr til An-Naba""},""MONDAY"":{""juz1"":""29"",""juz2"":"""",""juz3"":"""",""juz4"":"""",""star"":"""",""jadeed"":""60:4"",""juzhali"":""550:553"",""murajah"":""At-Tahrim til As-Saff""},""SUNDAY"":{""juz1"":""30"",""juz2"":"""",""juz3"":"""",""juz4"":"""",""star"":"""",""jadeed"":""60:2"",""juzhali"":""550:553"",""murajah"":""Nuh til Al-Mulk""},""TUESDAY"":{""juz1"":""28"",""juz2"":"""",""juz3"":"""",""juz4"":"""",""star"":"""",""jadeed"":""60:6"",""juzhali"":""550:553"",""murajah"":""An-Nas til Al-Balad""},""FRIDAY_8"":{""juz1"":""28"",""juz2"":"""",""juz3"":"""",""juz4"":"""",""star"":"""",""jadeed"":""60:11"",""juzhali"":""551:554"",""murajah"":""Nuh til Al-Mulk""},""SATURDAY"":{""juz1"":""28"",""juz2"":"""",""juz3"":"""",""juz4"":"""",""star"":"""",""jadeed"":""61:14"",""juzhali"":""553:556"",""murajah"":""Al-Mursalat til Al-Jinn""},""THURSDAY"":{""juz1"":""30"",""juz2"":"""",""juz3"":"""",""juz4"":"""",""star"":"""",""jadeed"":""61:11"",""juzhali"":""553:556"",""murajah"":""An-Nas til Al-Balad""},""FRIDAY_15"":{""juz1"":""30"",""juz2"":"""",""juz3"":"""",""juz4"":"""",""star"":"""",""jadeed"":""59:8"",""juzhali"":""547:550"",""murajah"":""An-Nas til Al-Balad""},""MONDAY_11"":{""juz1"":""28"",""juz2"":"""",""juz3"":"""",""juz4"":"""",""star"":"""",""jadeed"":""59:2"",""juzhali"":""546:549"",""murajah"":""Al-Fajr til An-Naba""},""MONDAY_18"":{""juz1"":""30"",""juz2"":"""",""juz3"":"""",""juz4"":"""",""star"":"""",""jadeed"":""59:13"",""juzhali"":""548:551"",""murajah"":""Nuh til Al-Mulk""},""SUNDAY_10"":{""juz1"":""29"",""juz2"":"""",""juz3"":"""",""juz4"":"""",""star"":"""",""jadeed"":""60:13"",""juzhali"":""551:554"",""murajah"":""An-Nas til Al-Balad""},""SUNDAY_17"":{""juz1"":""28"",""juz2"":"""",""juz3"":"""",""juz4"":"""",""star"":"""",""jadeed"":""59:11"",""juzhali"":""547:550"",""murajah"":""Al-Mursalat til Al-Jinn""},""WEDNESDAY"":{""juz1"":"""",""juz2"":"""",""juz3"":"""",""juz4"":"""",""star"":"""",""jadeed"":"""",""juzhali"":"""",""murajah"":""""},""SATURDAY_9"":{""juz1"":""30"",""juz2"":"""",""juz3"":"""",""juz4"":"""",""star"":"""",""jadeed"":""60:12"",""juzhali"":""551:554"",""murajah"":""At-Tahrim til As-Saff""},""THURSDAY_7"":{""juz1"":""29"",""juz2"":"""",""juz3"":"""",""juz4"":"""",""star"":"""",""jadeed"":""60:10"",""juzhali"":""551:554"",""murajah"":""Al-Mursalat til Al-Jinn""},""TUESDAY_12"":{""juz1"":""30"",""juz2"":"""",""juz3"":"""",""juz4"":"""",""star"":"""",""jadeed"":""59:3"",""juzhali"":""550:553"",""murajah"":""Al-Mursalat til Al-Jinn""},""TUESDAY_19"":{""juz1"":""29"",""juz2"":"""",""juz3"":"""",""juz4"":"""",""star"":"""",""jadeed"":""59:15"",""juzhali"":""548:551"",""murajah"":""At-Tahrim til Al-Mumtahanah""},""SATURDAY_16"":{""juz1"":""29"",""juz2"":"""",""juz3"":"""",""juz4"":"""",""star"":"""",""jadeed"":""59:9"",""juzhali"":""547:550"",""murajah"":""Al-Fajr til An-Naba""},""THURSDAY_14"":{""juz1"":""28"",""juz2"":"""",""juz3"":"""",""juz4"":"""",""star"":"""",""jadeed"":""59:6"",""juzhali"":""546:549"",""murajah"":""At-Tahrim til Al-Mumtahanah""},""WEDNESDAY_6"":{""juz1"":""30"",""juz2"":"""",""juz3"":"""",""juz4"":"""",""star"":"""",""jadeed"":""61:9"",""juzhali"":""553:556"",""murajah"":""Al-Fajr til An-Naba""},""WEDNESDAY_13"":{""juz1"":""29"",""juz2"":"""",""juz3"":"""",""juz4"":"""",""star"":"""",""jadeed"":""59:5"",""juzhali"":""546:549"",""murajah"":""Nuh til Al-Mulk""}}",2026-06-06 16:53:53.287+00
167,209a7cc0-b3c1-4bcb-8e09-441984bc81ac,"{""_mode"":""surah-wise"",""FRIDAY"":{""juz1"":""30"",""juz2"":"""",""juz3"":"""",""juz4"":"""",""star"":"""",""jadeed"":""83:4"",""juzhali"":""Al-Inshiqaq til Al-Buruj"",""murajah"":""At-Tariq til An-Nas""},""MONDAY"":{""juz1"":""30"",""juz2"":"""",""juz3"":"""",""juz4"":"""",""star"":"""",""jadeed"":""83:7"",""juzhali"":""Al-Inshiqaq til Al-Buruj"",""murajah"":""At-Tariq til An-Nas""},""SUNDAY"":{""juz1"":""30"",""juz2"":"""",""juz3"":"""",""juz4"":"""",""star"":"""",""jadeed"":""83:6"",""juzhali"":""Al-Inshiqaq til Al-Buruj"",""murajah"":""At-Tariq til An-Nas""},""TUESDAY"":{""juz1"":""30"",""juz2"":"""",""juz3"":"""",""juz4"":"""",""star"":"""",""jadeed"":""83:7"",""juzhali"":""Al-Inshiqaq til Al-Buruj"",""murajah"":""At-Tariq til An-Nas""},""FRIDAY_8"":{""juz1"":""30"",""juz2"":"""",""juz3"":"""",""juz4"":"""",""star"":"""",""jadeed"":""83:9"",""juzhali"":""Al-Inshiqaq til Al-Buruj"",""murajah"":""At-Tariq til An-Nas""},""SATURDAY"":{""juz1"":""30"",""juz2"":"""",""juz3"":"""",""juz4"":"""",""star"":"""",""jadeed"":""83:5"",""juzhali"":""Al-Inshiqaq til Al-Buruj"",""murajah"":""At-Tariq til An-Nas""},""THURSDAY"":{""juz1"":""30"",""juz2"":"""",""juz3"":"""",""juz4"":"""",""star"":"""",""jadeed"":""83:3"",""juzhali"":""Al-Inshiqaq til Al-Buruj"",""murajah"":""An-Nas til At-Tariq""},""FRIDAY_15"":{""juz1"":""30"",""juz2"":"""",""juz3"":"""",""juz4"":"""",""star"":"""",""jadeed"":""83:12"",""juzhali"":""Al-Inshiqaq til Al-Buruj"",""murajah"":""At-Tariq til An-Nas""},""MONDAY_11"":{""juz1"":""30"",""juz2"":"""",""juz3"":"""",""juz4"":"""",""star"":"""",""jadeed"":""83:10"",""juzhali"":""Al-Inshiqaq til Al-Buruj"",""murajah"":""At-Tariq til An-Nas""},""MONDAY_18"":{""juz1"":""30"",""jadeed"":""83:14"",""juzhali"":""Al-Inshiqaq til Al-Buruj"",""murajah"":""At-Tariq til An-Nas""},""SUNDAY_10"":{""juz1"":""30"",""juz2"":"""",""juz3"":"""",""juz4"":"""",""star"":"""",""jadeed"":""83:10"",""juzhali"":""Al-Inshiqaq til Al-Buruj"",""murajah"":""At-Tariq til An-Nas""},""SUNDAY_17"":{""juz1"":""30"",""juz2"":"""",""juz3"":"""",""juz4"":"""",""star"":"""",""jadeed"":""83:13"",""juzhali"":""Al-Inshiqaq til Al-Buruj"",""murajah"":""At-Tariq til An-Nas""},""WEDNESDAY"":{""juz1"":"""",""juz2"":"""",""juz3"":"""",""juz4"":"""",""star"":"""",""jadeed"":"""",""juzhali"":"""",""murajah"":""""},""SATURDAY_9"":{""juz1"":""30"",""juz2"":"""",""juz3"":"""",""juz4"":"""",""star"":"""",""jadeed"":""83:9"",""juzhali"":""Al-Inshiqaq til Al-Buruj"",""murajah"":""At-Tariq til An-Nas""},""THURSDAY_7"":{""juz1"":""30"",""juz2"":"""",""juz3"":"""",""juz4"":"""",""star"":"""",""jadeed"":""83:8"",""juzhali"":""Al-Inshiqaq til Al-Buruj"",""murajah"":""At-Tariq til An-Nas""},""TUESDAY_12"":{""juz1"":""30"",""juz2"":"""",""juz3"":"""",""juz4"":"""",""star"":"""",""jadeed"":""83:11"",""juzhali"":""Al-Inshiqaq til Al-Buruj"",""murajah"":""An-Nas til At-Tariq""},""TUESDAY_19"":{""jadeed"":""83:10"",""juzhali"":""588:597""},""SATURDAY_16"":{""juz1"":""30"",""juz2"":"""",""juz3"":"""",""juz4"":"""",""star"":"""",""jadeed"":""83:13"",""juzhali"":""Al-Inshiqaq til Al-Buruj"",""murajah"":""At-Tariq til An-Nas""},""THURSDAY_14"":{""juz1"":""30"",""juz2"":"""",""juz3"":"""",""juz4"":"""",""star"":"""",""jadeed"":""83:12"",""juzhali"":""Al-Inshiqaq til Al-Buruj"",""murajah"":""At-Tariq til An-Nas""},""WEDNESDAY_6"":{""juz1"":""30"",""juz2"":"""",""juz3"":"""",""juz4"":"""",""star"":"""",""jadeed"":""83:8"",""juzhali"":""Al-Inshiqaq til Al-Buruj"",""murajah"":""An-Nas til At-Tariq""},""WEDNESDAY_13"":{""juz1"":""30"",""juz2"":"""",""juz3"":"""",""juz4"":"""",""star"":"""",""jadeed"":""83:11"",""juzhali"":""Al-Inshiqaq til Al-Buruj"",""murajah"":""At-Tariq til An-Nas""}}",2026-06-08 12:13:50.769+00
178,3daa574d-1f97-45e2-a1e0-eebf7d4ce848,"{""_mode"":""juz-wise"",""FRIDAY"":{""juz1"":""30"",""juz2"":"""",""juz3"":"""",""juz4"":"""",""star"":"""",""jadeed"":""98:2"",""juzhali"":""NO"",""murajah"":""""},""MONDAY"":{""juz1"":""30"",""juz2"":"""",""juz3"":"""",""juz4"":"""",""star"":"""",""jadeed"":""98:5"",""juzhali"":""NO"",""murajah"":""""},""SUNDAY"":{""juz1"":""30"",""juz2"":"""",""juz3"":"""",""juz4"":"""",""star"":"""",""jadeed"":""98:4"",""juzhali"":""NO"",""murajah"":""""},""TUESDAY"":{""juz1"":""30"",""juz2"":"""",""juz3"":"""",""juz4"":"""",""star"":"""",""jadeed"":""98:6"",""juzhali"":""NO"",""murajah"":""""},""FRIDAY_8"":{""juz1"":""30"",""juz2"":"""",""juz3"":"""",""juz4"":"""",""star"":"""",""jadeed"":""98:8"",""juzhali"":""NO"",""murajah"":""""},""SATURDAY"":{""juz1"":""30"",""juz2"":"""",""juz3"":"""",""juz4"":"""",""star"":"""",""jadeed"":""98:3"",""juzhali"":""NO"",""murajah"":""""},""THURSDAY"":{""juz1"":""30"",""juz2"":"""",""juz3"":"""",""juz4"":"""",""star"":"""",""jadeed"":""98:1"",""juzhali"":""Al-Qari'ah til Al-Qari'ah"",""murajah"":""""},""FRIDAY_15"":{""juz1"":""30"",""juz2"":"""",""juz3"":"""",""juz4"":"""",""star"":"""",""jadeed"":""NO"",""juzhali"":""NO"",""murajah"":""""},""MONDAY_11"":{""juz1"":""30"",""juz2"":"""",""juz3"":"""",""juz4"":"""",""star"":"""",""jadeed"":""97:3"",""juzhali"":""NO"",""murajah"":""""},""MONDAY_18"":{""juz1"":""30"",""juz2"":"""",""juz3"":"""",""juz4"":"""",""star"":"""",""jadeed"":""NO"",""juzhali"":""NO"",""murajah"":""""},""SUNDAY_10"":{""juz1"":""30"",""juz2"":"""",""juz3"":"""",""juz4"":"""",""star"":"""",""jadeed"":""97:2"",""juzhali"":""NO"",""murajah"":""""},""SUNDAY_17"":{""juz1"":""30"",""juz2"":"""",""juz3"":"""",""juz4"":"""",""star"":"""",""jadeed"":""NO"",""juzhali"":""NO"",""murajah"":""""},""WEDNESDAY"":{""juz1"":"""",""juz2"":"""",""juz3"":"""",""juz4"":"""",""star"":"""",""jadeed"":"""",""juzhali"":"""",""murajah"":""""},""SATURDAY_9"":{""juz1"":""30"",""juz2"":"""",""juz3"":"""",""juz4"":"""",""star"":"""",""jadeed"":""97:1"",""juzhali"":""NO"",""murajah"":""""},""THURSDAY_7"":{""juz1"":""30"",""juz2"":"""",""juz3"":"""",""juz4"":"""",""star"":"""",""jadeed"":""98:8"",""juzhali"":""NO"",""murajah"":""""},""TUESDAY_12"":{""juz1"":""30"",""juz2"":"""",""juz3"":"""",""juz4"":"""",""star"":"""",""jadeed"":""97:4"",""juzhali"":""NO"",""murajah"":""""},""TUESDAY_19"":{""juz1"":""30"",""juz2"":"""",""juz3"":"""",""juz4"":"""",""star"":"""",""jadeed"":"""",""juzhali"":""1:1"",""murajah"":""""},""SATURDAY_16"":{""juz1"":""30"",""juz2"":"""",""juz3"":"""",""juz4"":"""",""star"":"""",""jadeed"":""NO"",""juzhali"":""NO"",""murajah"":""""},""THURSDAY_14"":{""juz1"":""30"",""juz2"":"""",""juz3"":"""",""juz4"":"""",""star"":"""",""jadeed"":""NO"",""juzhali"":""NO"",""murajah"":""""},""WEDNESDAY_6"":{""juz1"":""30"",""juz2"":"""",""juz3"":"""",""juz4"":"""",""star"":"""",""jadeed"":""98:7"",""juzhali"":""NO"",""murajah"":""""},""WEDNESDAY_13"":{""juz1"":""30"",""juz2"":"""",""juz3"":"""",""juz4"":"""",""star"":"""",""jadeed"":""97:5"",""juzhali"":""NO"",""murajah"":""""}}",2026-06-08 12:03:56.364+00
248,5337eaba-ac28-419b-b0bf-d3ccad383859,"{""_mode"":""juz-wise"",""FRIDAY"":{""juz1"":""29"",""juz2"":"""",""juz3"":"""",""juz4"":"""",""star"":"""",""jadeed"":""60:6"",""juzhali"":""550:554"",""murajah"":""""},""MONDAY"":{""juz1"":""30"",""juz2"":"""",""juz3"":"""",""juz4"":"""",""star"":"""",""jadeed"":""60:8"",""juzhali"":""556:560"",""murajah"":""""},""SUNDAY"":{""juz1"":""29"",""juz2"":"""",""juz3"":"""",""juz4"":"""",""star"":"""",""jadeed"":""60:8"",""juzhali"":""551:555"",""murajah"":""""},""TUESDAY"":{""juz1"":""29"",""juz2"":"""",""juz3"":"""",""juz4"":"""",""star"":"""",""jadeed"":""60:9"",""juzhali"":""551:555"",""murajah"":""""},""FRIDAY_8"":{""juz1"":""30"",""juz2"":"""",""juz3"":"""",""juz4"":"""",""star"":"""",""jadeed"":""60:10"",""juzhali"":""555:559"",""murajah"":""""},""SATURDAY"":{""juz1"":""30"",""juz2"":"""",""juz3"":"""",""juz4"":"""",""star"":"""",""jadeed"":""60:7"",""juzhali"":""555:559"",""murajah"":""""},""THURSDAY"":{""juz1"":""30"",""juz2"":"""",""juz3"":"""",""juz4"":"""",""star"":"""",""jadeed"":""60:5"",""juzhali"":""555:559"",""murajah"":""""},""FRIDAY_15"":{""juz1"":""29"",""juz2"":"""",""juz3"":"""",""juz4"":"""",""star"":"""",""jadeed"":""60:13"",""juzhali"":""551:555"",""murajah"":""""},""MONDAY_11"":{""juz1"":""29"",""juz2"":"""",""juz3"":"""",""juz4"":"""",""star"":"""",""jadeed"":""60:12"",""juzhali"":""551:555"",""murajah"":""""},""MONDAY_18"":{""juz1"":""30"",""juz2"":"""",""juz3"":"""",""juz4"":"""",""star"":"""",""jadeed"":""60:5"",""juzhali"":""555:559"",""murajah"":""""},""SUNDAY_10"":{""juz1"":""30"",""juz2"":"""",""juz3"":"""",""juz4"":"""",""star"":"""",""jadeed"":""60:11"",""juzhali"":""556:560"",""murajah"":""""},""SUNDAY_17"":{""juz1"":""29"",""juz2"":"""",""juz3"":"""",""juz4"":"""",""star"":"""",""jadeed"":""59:1"",""juzhali"":""551:555"",""murajah"":""""},""WEDNESDAY"":{""juz1"":"""",""juz2"":"""",""juz3"":"""",""juz4"":"""",""star"":"""",""jadeed"":"""",""juzhali"":"""",""murajah"":""""},""SATURDAY_9"":{""juz1"":""29"",""juz2"":"""",""juz3"":"""",""juz4"":"""",""star"":"""",""jadeed"":""60:11"",""juzhali"":""551:555"",""murajah"":""""},""THURSDAY_7"":{""juz1"":""29"",""juz2"":"""",""juz3"":"""",""juz4"":"""",""star"":"""",""jadeed"":""60:10"",""juzhali"":""551:554"",""murajah"":""""},""TUESDAY_12"":{""juz1"":""30"",""juz2"":"""",""juz3"":"""",""juz4"":"""",""star"":"""",""jadeed"":""60:5"",""juzhali"":""555:559"",""murajah"":""""},""TUESDAY_19"":{""jadeed"":""59:3"",""juzhali"":""551:555""},""SATURDAY_16"":{""juz1"":""30"",""juz2"":"""",""juz3"":"""",""juz4"":"""",""star"":"""",""jadeed"":""59:1"",""juzhali"":""546:550"",""murajah"":""""},""THURSDAY_14"":{""juz1"":""30"",""juz2"":"""",""juz3"":"""",""juz4"":"""",""star"":"""",""jadeed"":""60:13"",""juzhali"":""555:559"",""murajah"":""""},""WEDNESDAY_6"":{""juz1"":""30"",""juz2"":"""",""juz3"":"""",""juz4"":"""",""star"":"""",""jadeed"":""60:5"",""juzhali"":""555:559"",""murajah"":""""},""WEDNESDAY_13"":{""juz1"":""29"",""juz2"":"""",""juz3"":"""",""juz4"":"""",""star"":"""",""jadeed"":""60:13"",""juzhali"":""551:554"",""murajah"":""""}}",2026-06-09 13:51:04.095+00
374,21bf52b6-517f-4b7c-99db-befbdb7ac292,"{""_mode"":""juz-wise"",""FRIDAY"":{""juz1"":""29"",""juz2"":"""",""juz3"":"""",""juz4"":"""",""star"":"""",""jadeed"":""56:16"",""juzhali"":""535:544"",""murajah"":""""},""MONDAY"":{""juz1"":""29"",""juz2"":"""",""juz3"":"""",""juz4"":"""",""star"":"""",""jadeed"":""56:18"",""juzhali"":""535:544"",""murajah"":""""},""SUNDAY"":{""juz1"":""30"",""juz2"":"""",""juz3"":"""",""juz4"":"""",""star"":"""",""jadeed"":""56:17"",""juzhali"":""535:544"",""murajah"":""""},""TUESDAY"":{""juz1"":""28"",""juz2"":"""",""juz3"":"""",""juz4"":"""",""star"":"""",""jadeed"":""56:19"",""juzhali"":""535:544"",""murajah"":""""},""FRIDAY_8"":{""juz1"":""28"",""juz2"":"""",""juz3"":"""",""juz4"":"""",""star"":"""",""jadeed"":""56:22"",""juzhali"":""535:544"",""murajah"":""""},""SATURDAY"":{""juz1"":""28"",""juz2"":"""",""juz3"":"""",""juz4"":"""",""star"":"""",""jadeed"":""56:1"",""juzhali"":""535:544"",""murajah"":""""},""THURSDAY"":{""juz1"":""30"",""juz2"":"""",""juz3"":"""",""juz4"":"""",""star"":"""",""jadeed"":""56:15"",""juzhali"":""535:544"",""murajah"":""""},""FRIDAY_15"":{""juz1"":""30"",""juz2"":"""",""juz3"":"""",""juz4"":"""",""star"":"""",""jadeed"":""56:28"",""juzhali"":""535:544"",""murajah"":""""},""MONDAY_11"":{""juz1"":""28"",""juz2"":"""",""juz3"":"""",""juz4"":"""",""star"":"""",""jadeed"":""56:25"",""juzhali"":""535:544"",""murajah"":""""},""MONDAY_18"":{""juz1"":""29"",""jadeed"":""56:31"",""juzhali"":""535:544""},""SUNDAY_10"":{""juz1"":""29"",""juz2"":"""",""juz3"":"""",""juz4"":"""",""star"":"""",""jadeed"":""56:24"",""juzhali"":""535:544"",""murajah"":""""},""SUNDAY_17"":{""juz1"":""28"",""juz2"":"""",""juz3"":"""",""juz4"":"""",""star"":"""",""jadeed"":""56:30"",""juzhali"":""535:544"",""murajah"":""""},""WEDNESDAY"":{""juz1"":"""",""juz2"":"""",""juz3"":"""",""juz4"":"""",""star"":"""",""jadeed"":"""",""juzhali"":"""",""murajah"":""""},""SATURDAY_9"":{""juz1"":""30"",""juz2"":"""",""juz3"":"""",""juz4"":"""",""star"":"""",""jadeed"":""56:23"",""juzhali"":""535:544"",""murajah"":""""},""THURSDAY_7"":{""juz1"":""29"",""juz2"":"""",""juz3"":"""",""juz4"":"""",""star"":"""",""jadeed"":""56:21"",""juzhali"":""535:544"",""murajah"":""""},""TUESDAY_12"":{""juz1"":""30"",""juz2"":"""",""juz3"":"""",""juz4"":"""",""star"":"""",""jadeed"":""56:15"",""juzhali"":""535:544"",""murajah"":""""},""TUESDAY_19"":{""juz1"":""30"",""jadeed"":""56:32"",""juzhali"":""535:544""},""SATURDAY_16"":{""juz1"":""29"",""juz2"":"""",""juz3"":"""",""juz4"":"""",""star"":"""",""jadeed"":""56:29"",""juzhali"":""535:544"",""murajah"":""""},""THURSDAY_14"":{""juz1"":""28"",""juz2"":"""",""juz3"":"""",""juz4"":"""",""star"":"""",""jadeed"":""56:27"",""juzhali"":""535:544"",""murajah"":""""},""WEDNESDAY_6"":{""juz1"":""30"",""juz2"":"""",""juz3"":"""",""juz4"":"""",""star"":"""",""jadeed"":""56:20"",""juzhali"":""535:544"",""murajah"":""""},""WEDNESDAY_13"":{""juz1"":""29"",""juz2"":"""",""juz3"":"""",""juz4"":"""",""star"":"""",""jadeed"":""56:26"",""juzhali"":""535:544"",""murajah"":""""}}",2026-06-06 11:35:16.466+00
482,39d4794c-a9bb-438d-b5a5-77ef030d0336,"{""_mode"":""juz-wise"",""FRIDAY"":{""juz1"":""2"",""juz2"":"""",""juz3"":"""",""juz4"":"""",""star"":"""",""jadeed"":""4:1"",""juzhali"":""67:76"",""murajah"":""""},""MONDAY"":{""juz1"":""5"",""juz2"":"""",""juz3"":"""",""juz4"":"""",""star"":"""",""jadeed"":""4:1"",""juzhali"":""67:76"",""murajah"":""""},""SUNDAY"":{""juz1"":""4"",""juz2"":"""",""juz3"":"""",""juz4"":"""",""star"":"""",""jadeed"":""4:1"",""juzhali"":""67:76"",""murajah"":""""},""TUESDAY"":{""juz1"":""30"",""juz2"":"""",""juz3"":"""",""juz4"":"""",""star"":"""",""jadeed"":""4:1"",""juzhali"":""67:76"",""murajah"":""""},""FRIDAY_8"":{""juz1"":""3"",""juz2"":"""",""juz3"":"""",""juz4"":"""",""star"":"""",""jadeed"":""4:1"",""juzhali"":""67:76"",""murajah"":""""},""SATURDAY"":{""juz1"":""3"",""juz2"":"""",""juz3"":"""",""juz4"":"""",""star"":"""",""jadeed"":""4:1"",""juzhali"":""67:76"",""murajah"":""""},""THURSDAY"":{""juz1"":""1"",""juz2"":"""",""juz3"":"""",""juz4"":"""",""star"":"""",""jadeed"":""4:1"",""juzhali"":""67:76"",""murajah"":""""},""FRIDAY_15"":{""juz1"":""4"",""juz2"":"""",""juz3"":"""",""juz4"":"""",""star"":"""",""jadeed"":""4:1"",""juzhali"":""67:76"",""murajah"":""""},""MONDAY_11"":{""juz1"":""30"",""juz2"":"""",""juz3"":"""",""juz4"":"""",""star"":"""",""jadeed"":""4:1"",""juzhali"":""67:76"",""murajah"":""""},""MONDAY_18"":{""juz1"":""1"",""juz2"":"""",""juz3"":"""",""juz4"":"""",""star"":"""",""jadeed"":""4:1"",""juzhali"":""67:76"",""murajah"":""""},""SUNDAY_10"":{""juz1"":""5"",""juz2"":"""",""juz3"":"""",""juz4"":"""",""star"":"""",""jadeed"":""4:1"",""juzhali"":""67:76"",""murajah"":""""},""SUNDAY_17"":{""juz1"":""30"",""juz2"":"""",""juz3"":"""",""juz4"":"""",""star"":"""",""jadeed"":""4:1"",""juzhali"":""67:76"",""murajah"":""""},""WEDNESDAY"":{""juz1"":"""",""juz2"":"""",""juz3"":"""",""juz4"":"""",""star"":"""",""jadeed"":"""",""juzhali"":"""",""murajah"":""""},""SATURDAY_9"":{""juz1"":""4"",""juz2"":"""",""juz3"":"""",""juz4"":"""",""star"":"""",""jadeed"":""4:1"",""juzhali"":""67:76"",""murajah"":""""},""THURSDAY_7"":{""juz1"":""2"",""juz2"":"""",""juz3"":"""",""juz4"":"""",""star"":"""",""jadeed"":""4:1"",""juzhali"":""67:76"",""murajah"":""""},""TUESDAY_12"":{""juz1"":""1"",""juz2"":"""",""juz3"":"""",""juz4"":"""",""star"":"""",""jadeed"":""4:1"",""juzhali"":""67:76"",""murajah"":""""},""TUESDAY_19"":{""juz1"":""2"",""juz2"":"""",""juz3"":"""",""juz4"":"""",""star"":"""",""jadeed"":""4:1"",""juzhali"":""67:76"",""murajah"":""""},""SATURDAY_16"":{""juz1"":""5"",""juz2"":"""",""juz3"":"""",""juz4"":"""",""star"":"""",""jadeed"":""4:1"",""juzhali"":""67:76"",""murajah"":""""},""THURSDAY_14"":{""juz1"":""3"",""juz2"":"""",""juz3"":"""",""juz4"":"""",""star"":"""",""jadeed"":""4:1"",""juzhali"":""67:76"",""murajah"":""""},""WEDNESDAY_6"":{""juz1"":""1"",""juz2"":"""",""juz3"":"""",""juz4"":"""",""star"":"""",""jadeed"":""4:1"",""juzhali"":""67:76"",""murajah"":""""},""WEDNESDAY_13"":{""juz1"":""2"",""juz2"":"""",""juz3"":"""",""juz4"":"""",""star"":"""",""jadeed"":""4:1"",""juzhali"":""67:76"",""murajah"":""""}}",2026-06-06 12:05:26.501+00
506,b07a3e89-70a3-4c74-a2b5-e530e210d095,"{""_mode"":""surah-wise"",""FRIDAY"":{""juz1"":""29"",""juz2"":"""",""juz3"":"""",""juz4"":"""",""star"":"""",""jadeed"":""57:6"",""juzhali"":""542:545"",""murajah"":""Al-Fajr til An-Naba""},""MONDAY"":{""juz1"":""29"",""juz2"":"""",""juz3"":"""",""juz4"":"""",""star"":"""",""jadeed"":""57:15"",""juzhali"":""542:545"",""murajah"":""At-Tahrim til As-Saff""},""SUNDAY"":{""juz1"":""28"",""juz2"":"""",""juz3"":"""",""juz4"":"""",""star"":"""",""jadeed"":""57:12"",""juzhali"":""542:545"",""murajah"":""Nuh til Al-Mulk""},""TUESDAY"":{""juz1"":""30"",""juz2"":"""",""juz3"":"""",""juz4"":"""",""star"":"""",""jadeed"":""57:18"",""juzhali"":""542:545"",""murajah"":""Al-Mumtahanah til Al-Mujadilah""},""FRIDAY_8"":{""juz1"":""30"",""juz2"":"""",""juz3"":"""",""juz4"":"""",""star"":"""",""jadeed"":""57:27"",""juzhali"":""542:545"",""murajah"":""Al-Jinn til Al-Mursalat""},""SATURDAY"":{""juz1"":""30"",""juz2"":"""",""juz3"":"""",""juz4"":"""",""star"":"""",""jadeed"":""57:9"",""juzhali"":""542:545"",""murajah"":""Al-Mursalat til Al-Jinn""},""THURSDAY"":{""juz1"":""28"",""juz2"":"""",""juz3"":"""",""juz4"":"""",""star"":"""",""jadeed"":""57:3"",""juzhali"":""542:545"",""murajah"":""An-Nas til Al-Balad""},""FRIDAY_15"":{""juz1"":""28"",""juz2"":"""",""juz3"":"""",""juz4"":"""",""star"":"""",""jadeed"":""56:54"",""juzhali"":""537:541"",""murajah"":""Nuh til Al-Mulk""},""MONDAY_11"":{""juz1"":""30"",""juz2"":"""",""juz3"":"""",""juz4"":"""",""star"":"""",""jadeed"":""56:18"",""juzhali"":""537:541"",""murajah"":""Al-Mumtahanah til Al-Mujadilah""},""MONDAY_18"":{""juz1"":""28"",""juz2"":"""",""juz3"":"""",""juz4"":"""",""star"":"""",""jadeed"":""56:81"",""juzhali"":""537:541"",""murajah"":""An-Nas til Al-Balad""},""SUNDAY_10"":{""juz1"":""29"",""juz2"":"""",""juz3"":"""",""juz4"":"""",""star"":"""",""jadeed"":""56:9"",""juzhali"":""537:541"",""murajah"":""At-Tahrim til As-Saff""},""SUNDAY_17"":{""juz1"":""30"",""juz2"":"""",""juz3"":"""",""juz4"":"""",""star"":"""",""jadeed"":""56:72"",""juzhali"":""537:541"",""murajah"":""Al-Mumtahanah til Al-Mujadilah""},""WEDNESDAY"":{""juz1"":"""",""juz2"":"""",""juz3"":"""",""juz4"":"""",""star"":"""",""jadeed"":"""",""juzhali"":"""",""murajah"":""""},""SATURDAY_9"":{""juz1"":""28"",""juz2"":"""",""juz3"":"""",""juz4"":"""",""star"":"""",""jadeed"":""57:29"",""juzhali"":""542:545"",""murajah"":""Nuh til Al-Mulk""},""THURSDAY_7"":{""juz1"":""29"",""juz2"":"""",""juz3"":"""",""juz4"":"""",""star"":"""",""jadeed"":""57:24"",""juzhali"":""542:545"",""murajah"":""Al-Fajr til An-Naba""},""TUESDAY_12"":{""juz1"":""28"",""juz2"":"""",""juz3"":"""",""juz4"":"""",""star"":"""",""jadeed"":""56:27"",""juzhali"":""537:541"",""murajah"":""An-Nas til Al-Balad""},""TUESDAY_19"":{""juz1"":""29"",""juz2"":"""",""juz3"":"""",""juz4"":"""",""star"":"""",""jadeed"":""56:96"",""juzhali"":""537:541"",""murajah"":""An-Naba til Al-Fajr""},""SATURDAY_16"":{""juz1"":""29"",""juz2"":"""",""juz3"":"""",""juz4"":"""",""star"":"""",""jadeed"":""56:63"",""juzhali"":""537:541"",""murajah"":""At-Tahrim til As-Saff""},""THURSDAY_14"":{""juz1"":""30"",""juz2"":"""",""juz3"":"""",""juz4"":"""",""star"":"""",""jadeed"":""56:45"",""juzhali"":""537:541"",""murajah"":""Al-Mursalat til Al-Jinn""},""WEDNESDAY_6"":{""juz1"":""28"",""juz2"":"""",""juz3"":"""",""juz4"":"""",""star"":"""",""jadeed"":""57:21"",""juzhali"":""542:545"",""murajah"":""An-Nas til Al-Balad""},""WEDNESDAY_13"":{""juz1"":""29"",""juz2"":"""",""juz3"":"""",""juz4"":"""",""star"":"""",""jadeed"":""56:36"",""juzhali"":""537:541"",""murajah"":""Al-Fajr til An-Naba""}}",2026-06-07 05:58:31.761+00
527,0f23c938-cf37-41ad-8fd9-8fbd0ab9f133,"{""_mode"":""surah-wise"",""FRIDAY"":{""juz1"":""30"",""juz2"":"""",""juz3"":"""",""juz4"":"""",""star"":"""",""jadeed"":""86:1"",""juzhali"":""592:601"",""murajah"":""At-Takathur til Al-Balad""},""MONDAY"":{""juz1"":""30"",""juz2"":"""",""juz3"":"""",""juz4"":"""",""star"":"""",""jadeed"":""86:1"",""juzhali"":""592:601"",""murajah"":""At-Takathur til Al-Balad""},""SUNDAY"":{""juz1"":""30"",""juz2"":"""",""juz3"":"""",""juz4"":"""",""star"":"""",""jadeed"":""86:1"",""juzhali"":""592:601"",""murajah"":""An-Nas til Al-Asr""},""TUESDAY"":{""juz1"":""30"",""juz2"":"""",""juz3"":"""",""juz4"":"""",""star"":"""",""jadeed"":""86:1"",""juzhali"":""592:601"",""murajah"":""An-Nas til Al-Asr""},""FRIDAY_8"":{""juz1"":""30"",""juz2"":"""",""juz3"":"""",""juz4"":"""",""star"":"""",""jadeed"":""86:1"",""juzhali"":""592:601"",""murajah"":""Al-Fajr til Al-Ala""},""SATURDAY"":{""juz1"":""30"",""juz2"":"""",""juz3"":"""",""juz4"":"""",""star"":"""",""jadeed"":""86:1"",""juzhali"":""592:601"",""murajah"":""Al-Fajr til Al-Ala""},""THURSDAY"":{""juz1"":""30"",""juz2"":"""",""juz3"":"""",""juz4"":"""",""star"":"""",""jadeed"":""86:1"",""juzhali"":""592:601"",""murajah"":""An-Nas til Al-Asr""},""FRIDAY_15"":{""juz1"":""30"",""juz2"":"""",""juz3"":"""",""juz4"":"""",""star"":"""",""jadeed"":""86:1"",""juzhali"":""592:601"",""murajah"":""An-Nas til Al-Asr""},""MONDAY_11"":{""juz1"":""30"",""juz2"":"""",""juz3"":"""",""juz4"":"""",""star"":"""",""jadeed"":""86:1"",""juzhali"":""592:601"",""murajah"":""An-Nas til Al-Asr""},""MONDAY_18"":{""juz1"":""30"",""juz2"":"""",""juz3"":"""",""juz4"":"""",""star"":"""",""jadeed"":""86:1"",""juzhali"":""592:601"",""murajah"":""An-Nas til Al-Asr""},""SUNDAY_10"":{""juz1"":""30"",""juz2"":"""",""juz3"":"""",""juz4"":"""",""star"":"""",""jadeed"":""86:1"",""juzhali"":""592:601"",""murajah"":""At-Takathur til Al-Balad""},""SUNDAY_17"":{""juz1"":""30"",""juz2"":"""",""juz3"":"""",""juz4"":"""",""star"":"""",""jadeed"":""86:1"",""juzhali"":""592:601"",""murajah"":""An-Nas til Al-Asr""},""WEDNESDAY"":{""juz1"":"""",""juz2"":"""",""juz3"":"""",""juz4"":"""",""star"":"""",""jadeed"":"""",""juzhali"":"""",""murajah"":""""},""SATURDAY_9"":{""juz1"":""30"",""juz2"":"""",""juz3"":"""",""juz4"":"""",""star"":"""",""jadeed"":""86:1"",""juzhali"":""592:601"",""murajah"":""An-Nas til Al-Asr""},""THURSDAY_7"":{""juz1"":""30"",""juz2"":"""",""juz3"":"""",""juz4"":"""",""star"":"""",""jadeed"":""86:1"",""juzhali"":""592:601"",""murajah"":""At-Takathur til Al-Balad""},""TUESDAY_12"":{""juz1"":""30"",""juz2"":"""",""juz3"":"""",""juz4"":"""",""star"":"""",""jadeed"":""86:1"",""juzhali"":""592:601"",""murajah"":""An-Nas til Al-Asr""},""TUESDAY_19"":{""juz1"":""30"",""juz2"":"""",""juz3"":"""",""juz4"":"""",""star"":"""",""jadeed"":""86:1"",""juzhali"":""592:601"",""murajah"":""At-Takathur til Al-Balad""},""SATURDAY_16"":{""juz1"":""30"",""juz2"":"""",""juz3"":"""",""juz4"":"""",""star"":"""",""jadeed"":""86:1"",""juzhali"":""592:601"",""murajah"":""At-Takathur til Al-Balad""},""THURSDAY_14"":{""juz1"":""30"",""juz2"":"""",""juz3"":"""",""juz4"":"""",""star"":"""",""jadeed"":""86:1"",""juzhali"":""592:601"",""murajah"":""Al-Fajr til Al-Ala""},""WEDNESDAY_6"":{""juz1"":""30"",""juz2"":"""",""juz3"":"""",""juz4"":"""",""star"":"""",""jadeed"":""86:1"",""juzhali"":""592:601"",""murajah"":""An-Nas til Al-Asr""},""WEDNESDAY_13"":{""juz1"":""30"",""juz2"":"""",""juz3"":"""",""juz4"":"""",""star"":"""",""jadeed"":""86:1"",""juzhali"":""592:601"",""murajah"":""At-Takathur til Al-Balad""}}",2026-06-06 13:01:58.311+00
562,d7774296-2496-4d28-93b5-28b759f858a1,"{""_mode"":""surah-wise"",""FRIDAY"":{""juz1"":"""",""juz2"":"""",""juz3"":"""",""juz4"":"""",""star"":"""",""jadeed"":""67:6"",""juzhali"":""Al-Qalam til Al-Ma'arij"",""murajah"":""Al-Fajr til Al-Inshiqaq""},""MONDAY"":{""juz1"":"""",""juz2"":"""",""juz3"":"""",""juz4"":"""",""star"":"""",""jadeed"":""67:15"",""juzhali"":""Al-Qalam til Nuh"",""murajah"":""Al-Muzzammil til Nuh""},""SUNDAY"":{""juz1"":"""",""juz2"":"""",""juz3"":"""",""juz4"":"""",""star"":"""",""jadeed"":""67:12"",""juzhali"":""Al-Qalam til Nuh"",""murajah"":""Al-Mursalat til Al-Muddaththir""},""TUESDAY"":{""juz1"":"""",""juz2"":"""",""juz3"":"""",""juz4"":"""",""star"":"""",""jadeed"":""67:18"",""juzhali"":""Al-Qalam til Nuh"",""murajah"":""Al-Ma'arij til Al-Qalam""},""FRIDAY_8"":{""juz1"":"""",""juz2"":"""",""juz3"":"""",""juz4"":"""",""star"":"""",""jadeed"":""67:27"",""juzhali"":""Al-Qalam til Al-Ma'arij"",""murajah"":""Al-Mutaffifin til An-Naba""},""SATURDAY"":{""juz1"":"""",""juz2"":"""",""juz3"":"""",""juz4"":"""",""star"":"""",""jadeed"":""67:9"",""juzhali"":""Al-Qalam til Al-Ma'arij"",""murajah"":""Al-Mutaffifin til An-Naba""},""THURSDAY"":{""juz1"":"""",""juz2"":"""",""juz3"":"""",""juz4"":"""",""star"":"""",""jadeed"":""67:3"",""juzhali"":""Al-Qalam til Al-Ma'arij"",""murajah"":""An-Nas til Al-Balad""},""FRIDAY_15"":{""juz1"":"""",""juz2"":"""",""juz3"":"""",""juz4"":"""",""star"":"""",""jadeed"":""65:4"",""juzhali"":""At-Tahrim til Al-Haqqah"",""murajah"":""Al-Mursalat til Al-Muddaththir""},""MONDAY_11"":{""juz1"":"""",""juz2"":"""",""juz3"":"""",""juz4"":"""",""star"":"""",""jadeed"":""66:6"",""juzhali"":""Al-Mulk til Nuh"",""murajah"":""Al-Ma'arij til Al-Qalam""},""MONDAY_18"":{""jadeed"":""65:12"",""juzhali"":""At-Tahrim til Al-Haqqah"",""murajah"":""An-Nas til An-Naba""},""SUNDAY_10"":{""juz1"":"""",""juz2"":"""",""juz3"":"""",""juz4"":"""",""star"":"""",""jadeed"":""66:3"",""juzhali"":""Al-Qalam til Nuh"",""murajah"":""Al-Muzzammil til Nuh""},""SUNDAY_17"":{""juz1"":"""",""juz2"":"""",""juz3"":"""",""juz4"":"""",""star"":"""",""jadeed"":""65:8"",""juzhali"":""At-Tahrim til Al-Haqqah"",""murajah"":""Al-Ma'arij til Al-Qalam""},""WEDNESDAY"":{""juz1"":"""",""juz2"":"""",""juz3"":"""",""juz4"":"""",""star"":"""",""jadeed"":"""",""juzhali"":"""",""murajah"":""""},""SATURDAY_9"":{""juz1"":"""",""juz2"":"""",""juz3"":"""",""juz4"":"""",""star"":"""",""jadeed"":""67:30"",""juzhali"":""Al-Qalam til Nuh"",""murajah"":""Al-Mursalat til Al-Muddaththir""},""THURSDAY_7"":{""juz1"":"""",""juz2"":"""",""juz3"":"""",""juz4"":"""",""star"":"""",""jadeed"":""67:24"",""juzhali"":""Al-Qalam til Al-Ma'arij"",""murajah"":""Al-Fajr til Al-Inshiqaq""},""TUESDAY_12"":{""juz1"":"""",""juz2"":"""",""juz3"":"""",""juz4"":"""",""star"":"""",""jadeed"":""66:9"",""juzhali"":""Al-Mulk til Al-Ma'arij"",""murajah"":""An-Nas til Al-Balad""},""TUESDAY_19"":{""jadeed"":""64:3"",""juzhali"":""561:566""},""SATURDAY_16"":{""juz1"":"""",""juz2"":"""",""juz3"":"""",""juz4"":"""",""star"":"""",""jadeed"":""65:6"",""juzhali"":""At-Tahrim til Al-Haqqah"",""murajah"":""Al-Muzzammil til Nuh""},""THURSDAY_14"":{""juz1"":"""",""juz2"":"""",""juz3"":"""",""juz4"":"""",""star"":"""",""jadeed"":""65:2"",""juzhali"":""At-Tahrim til Al-Qalam"",""murajah"":""Al-Mutaffifin til An-Naba""},""WEDNESDAY_6"":{""juz1"":"""",""juz2"":"""",""juz3"":"""",""juz4"":"""",""star"":"""",""jadeed"":""67:21"",""juzhali"":""Al-Qalam til Al-Ma'arij"",""murajah"":""An-Nas til Al-Balad""},""WEDNESDAY_13"":{""juz1"":"""",""juz2"":"""",""juz3"":"""",""juz4"":"""",""star"":"""",""jadeed"":""66:12"",""juzhali"":""Al-Mulk til Al-Haqqah"",""murajah"":""Al-Fajr til Al-Inshiqaq""}}",2026-06-08 11:29:07.555+00
582,d7f13603-e2ee-4a9c-8f00-780bc8ed9d4f,"{""_mode"":""surah-wise"",""FRIDAY"":{""juz1"":"""",""juz2"":"""",""juz3"":"""",""juz4"":"""",""star"":"""",""jadeed"":""78:3"",""juzhali"":""583:592"",""murajah"":""Al-Kawthar til Al-Asr""},""MONDAY"":{""juz1"":"""",""juz2"":"""",""juz3"":"""",""juz4"":"""",""star"":"""",""jadeed"":""78:10"",""juzhali"":""583:592"",""murajah"":""Al-Fajr til Al-Buruj""},""SUNDAY"":{""juz1"":"""",""juz2"":"""",""juz3"":"""",""juz4"":"""",""star"":"""",""jadeed"":""78:8"",""juzhali"":""583:592"",""murajah"":""Al-Alaq til Al-Balad""},""TUESDAY"":{""juz1"":"""",""juz2"":"""",""juz3"":"""",""juz4"":"""",""star"":"""",""jadeed"":""78:13"",""juzhali"":""583:592"",""murajah"":""Al-Buruj til An-Nazi'at""},""FRIDAY_8"":{""juz1"":"""",""juz2"":"""",""juz3"":"""",""juz4"":"""",""star"":"""",""jadeed"":""78:19"",""juzhali"":""583:592"",""murajah"":""At-Takathur til Al-Qadr""},""SATURDAY"":{""juz1"":"""",""juz2"":"""",""juz3"":"""",""juz4"":"""",""star"":"""",""jadeed"":""78:5"",""juzhali"":""583:592"",""murajah"":""At-Takathur til Al-Qadr""},""THURSDAY"":{""juz1"":"""",""juz2"":"""",""juz3"":"""",""juz4"":"""",""star"":"""",""jadeed"":""78:1"",""juzhali"":""583:592"",""murajah"":""Al-Fatiha til Al-Kafirun""},""FRIDAY_15"":{""juz1"":"""",""juz2"":"""",""juz3"":"""",""juz4"":"""",""star"":"""",""jadeed"":""78:25"",""juzhali"":""583:592"",""murajah"":""Al-Alaq til Al-Balad""},""MONDAY_11"":{""juz1"":"""",""juz2"":"""",""juz3"":"""",""juz4"":"""",""star"":"""",""jadeed"":""78:25"",""juzhali"":""583:592"",""murajah"":""Al-Buruj til An-Nazi'at""},""MONDAY_18"":{""juz1"":"""",""juz2"":"""",""juz3"":"""",""juz4"":"""",""star"":"""",""jadeed"":""78:25"",""juzhali"":""583:592"",""murajah"":""Al-Fatiha til Al-Kafirun""},""SUNDAY_10"":{""juz1"":"""",""juz2"":"""",""juz3"":"""",""juz4"":"""",""star"":"""",""jadeed"":""78:24"",""juzhali"":""583:592"",""murajah"":""Al-Fajr til Al-Buruj""},""SUNDAY_17"":{""juz1"":"""",""juz2"":"""",""juz3"":"""",""juz4"":"""",""star"":"""",""jadeed"":""78:25"",""juzhali"":""583:592"",""murajah"":""Al-Buruj til An-Nazi'at""},""WEDNESDAY"":{""juz1"":"""",""juz2"":"""",""juz3"":"""",""juz4"":"""",""star"":"""",""jadeed"":"""",""juzhali"":"""",""murajah"":""""},""SATURDAY_9"":{""juz1"":"""",""juz2"":"""",""juz3"":"""",""juz4"":"""",""star"":"""",""jadeed"":""78:21"",""juzhali"":""583:592"",""murajah"":""Al-Alaq til Al-Balad""},""THURSDAY_7"":{""juz1"":"""",""juz2"":"""",""juz3"":"""",""juz4"":"""",""star"":"""",""jadeed"":""78:17"",""juzhali"":""583:592"",""murajah"":""Al-Kawthar til Al-Asr""},""TUESDAY_12"":{""juz1"":"""",""juz2"":"""",""juz3"":"""",""juz4"":"""",""star"":"""",""jadeed"":""78:25"",""juzhali"":""583:592"",""murajah"":""Al-Fatiha til Al-Kafirun""},""TUESDAY_19"":{""juz1"":"""",""juz2"":"""",""juz3"":"""",""juz4"":"""",""star"":"""",""jadeed"":""78:25"",""juzhali"":""583:592"",""murajah"":""Al-Kawthar til Al-Asr""},""SATURDAY_16"":{""juz1"":"""",""juz2"":"""",""juz3"":"""",""juz4"":"""",""star"":"""",""jadeed"":""78:25"",""juzhali"":""583:592"",""murajah"":""Al-Fajr til Al-Buruj""},""THURSDAY_14"":{""juz1"":"""",""juz2"":"""",""juz3"":"""",""juz4"":"""",""star"":"""",""jadeed"":""78:25"",""juzhali"":""583:592"",""murajah"":""At-Takathur til Al-Qadr""},""WEDNESDAY_6"":{""juz1"":"""",""juz2"":"""",""juz3"":"""",""juz4"":"""",""star"":"""",""jadeed"":""78:15"",""juzhali"":""583:592"",""murajah"":""Al-Fatiha til Al-Kafirun""},""WEDNESDAY_13"":{""juz1"":"""",""juz2"":"""",""juz3"":"""",""juz4"":"""",""star"":"""",""jadeed"":""78:25"",""juzhali"":""583:592"",""murajah"":""Al-Kawthar til Al-Asr""}}",2026-06-06 12:12:12.786+00
583,2671cea9-346d-442e-b4dc-03403e8468d2,"{""_mode"":""surah-wise"",""FRIDAY"":{""juz1"":"""",""juz2"":"""",""juz3"":"""",""juz4"":"""",""star"":"""",""jadeed"":""54:40"",""juzhali"":""531:540"",""murajah"":""Al-Alaq til At-Tariq""},""MONDAY"":{""juz1"":"""",""juz2"":"""",""juz3"":"""",""juz4"":"""",""star"":"""",""jadeed"":""54:50"",""juzhali"":""531:539"",""murajah"":""Al-Ma'arij til At-Talaq""},""SUNDAY"":{""juz1"":"""",""juz2"":"""",""juz3"":"""",""juz4"":"""",""star"":"""",""jadeed"":""54:48"",""juzhali"":""531:539"",""murajah"":""Al-Insan til Nuh""},""TUESDAY"":{""juz1"":"""",""juz2"":"""",""juz3"":"""",""juz4"":"""",""star"":"""",""jadeed"":""54:55"",""juzhali"":""531:540"",""murajah"":""At-Taghabun til As-Saff""},""FRIDAY_8"":{""juz1"":"""",""juz2"":"""",""juz3"":"""",""juz4"":"""",""star"":"""",""jadeed"":""53:15"",""juzhali"":""527:535"",""murajah"":""Al-Buruj til Al-Mursalat""},""SATURDAY"":{""juz1"":"""",""juz2"":"""",""juz3"":"""",""juz4"":"""",""star"":"""",""jadeed"":""54:41"",""juzhali"":""532:539"",""murajah"":""Al-Buruj til Al-Mursalat""},""THURSDAY"":{""juz1"":"""",""juz2"":"""",""juz3"":"""",""juz4"":"""",""star"":"""",""jadeed"":""54:35"",""juzhali"":""530:539"",""murajah"":""Al-Fatiha til Al-Qadr""},""FRIDAY_15"":{""juz1"":"""",""juz2"":"""",""juz3"":"""",""juz4"":"""",""star"":"""",""jadeed"":""53:50"",""juzhali"":""528:536"",""murajah"":""Al-Insan til Nuh""},""MONDAY_11"":{""juz1"":"""",""juz2"":"""",""juz3"":"""",""juz4"":"""",""star"":"""",""jadeed"":""53:25"",""juzhali"":""527:535"",""murajah"":""At-Taghabun til As-Saff""},""MONDAY_18"":{""jadeed"":""53:62"",""juzhali"":""528:537""},""SUNDAY_10"":{""juz1"":"""",""juz2"":"""",""juz3"":"""",""juz4"":"""",""star"":"""",""jadeed"":""53:25"",""juzhali"":""527:535"",""murajah"":""Al-Ma'arij til At-Talaq""},""SUNDAY_17"":{""juz1"":"""",""juz2"":"""",""juz3"":"""",""juz4"":"""",""star"":"""",""jadeed"":""53:60"",""juzhali"":""528:536"",""murajah"":""At-Taghabun til As-Saff""},""WEDNESDAY"":{""juz1"":"""",""juz2"":"""",""juz3"":"""",""juz4"":"""",""star"":"""",""jadeed"":"""",""juzhali"":"""",""murajah"":""""},""SATURDAY_9"":{""juz1"":"""",""juz2"":"""",""juz3"":"""",""juz4"":"""",""star"":"""",""jadeed"":""53:20"",""juzhali"":""527:534"",""murajah"":""Al-Insan til Nuh""},""THURSDAY_7"":{""juz1"":"""",""juz2"":"""",""juz3"":"""",""juz4"":"""",""star"":"""",""jadeed"":""53:10"",""juzhali"":""527:536"",""murajah"":""Al-Alaq til At-Tariq""},""TUESDAY_12"":{""juz1"":"""",""juz2"":"""",""juz3"":"""",""juz4"":"""",""star"":"""",""jadeed"":""53:30"",""juzhali"":""527:535"",""murajah"":""Al-Fatiha til Al-Qadr""},""TUESDAY_19"":{""jadeed"":""52:5"",""juzhali"":""524:533""},""SATURDAY_16"":{""juz1"":"""",""juz2"":"""",""juz3"":"""",""juz4"":"""",""star"":"""",""jadeed"":""53:55"",""juzhali"":""528:536"",""murajah"":""Al-Ma'arij til At-Talaq""},""THURSDAY_14"":{""juz1"":"""",""juz2"":"""",""juz3"":"""",""juz4"":"""",""star"":"""",""jadeed"":""53:45"",""juzhali"":""528:536"",""murajah"":""Al-Buruj til Al-Mursalat""},""WEDNESDAY_6"":{""juz1"":"""",""juz2"":"""",""juz3"":"""",""juz4"":"""",""star"":"""",""jadeed"":""53:5"",""juzhali"":""527:535"",""murajah"":""Al-Fatiha til Al-Qadr""},""WEDNESDAY_13"":{""juz1"":"""",""juz2"":"""",""juz3"":"""",""juz4"":"""",""star"":"""",""jadeed"":""53:40"",""juzhali"":""528:533"",""murajah"":""Al-Alaq til At-Tariq""}}",2026-06-06 12:29:01.925+00
586,0cc27a7a-a964-4e64-bc58-cdd65142cd7e,"{""_mode"":""juz-wise"",""FRIDAY"":{""juz1"":""30"",""juz2"":"""",""juz3"":"""",""juz4"":"""",""star"":"""",""jadeed"":""68:22"",""juzhali"":""NO"",""murajah"":""""},""MONDAY"":{""juz1"":""30"",""juz2"":"""",""juz3"":"""",""juz4"":"""",""star"":"""",""jadeed"":""68:25"",""juzhali"":""NO"",""murajah"":""""},""SUNDAY"":{""juz1"":""29"",""juz2"":"""",""juz3"":"""",""juz4"":"""",""star"":"""",""jadeed"":""68:24"",""juzhali"":""NO"",""murajah"":""""},""TUESDAY"":{""juz1"":""29"",""juz2"":"""",""juz3"":"""",""juz4"":"""",""star"":"""",""jadeed"":""68:26"",""juzhali"":""NO"",""murajah"":""""},""FRIDAY_8"":{""juz1"":""30"",""juz2"":"""",""juz3"":"""",""juz4"":"""",""star"":"""",""jadeed"":""68:29"",""juzhali"":""NO"",""murajah"":""""},""SATURDAY"":{""juz1"":""30"",""juz2"":"""",""juz3"":"""",""juz4"":"""",""star"":"""",""jadeed"":""68:23"",""juzhali"":""NO"",""murajah"":""""},""THURSDAY"":{""juz1"":""29"",""juz2"":"""",""juz3"":"""",""juz4"":"""",""star"":"""",""jadeed"":""NO"",""juzhali"":""NO"",""murajah"":""""},""FRIDAY_15"":{""juz1"":""29"",""juz2"":"""",""juz3"":"""",""juz4"":"""",""star"":"""",""jadeed"":""68:36"",""juzhali"":""NO"",""murajah"":""""},""MONDAY_11"":{""juz1"":""29"",""juz2"":"""",""juz3"":"""",""juz4"":"""",""star"":"""",""jadeed"":""68:32"",""juzhali"":""NO"",""murajah"":""""},""MONDAY_18"":{""juz1"":""29"",""juz2"":"""",""juz3"":"""",""juz4"":"""",""star"":"""",""jadeed"":""68:39"",""juzhali"":""NO"",""murajah"":""""},""SUNDAY_10"":{""juz1"":""30"",""juz2"":"""",""juz3"":"""",""juz4"":"""",""star"":"""",""jadeed"":""68:31"",""juzhali"":""NO"",""murajah"":""""},""SUNDAY_17"":{""juz1"":""29"",""juz2"":"""",""juz3"":"""",""juz4"":"""",""star"":"""",""jadeed"":""68:38"",""juzhali"":""NO"",""murajah"":""""},""WEDNESDAY"":{""juz1"":"""",""juz2"":"""",""juz3"":"""",""juz4"":"""",""star"":"""",""jadeed"":"""",""juzhali"":"""",""murajah"":""""},""SATURDAY_9"":{""juz1"":""29"",""juz2"":"""",""juz3"":"""",""juz4"":"""",""star"":"""",""jadeed"":""68:30"",""juzhali"":""NO"",""murajah"":""""},""THURSDAY_7"":{""juz1"":""30"",""juz2"":"""",""juz3"":"""",""juz4"":"""",""star"":"""",""jadeed"":""68:28"",""juzhali"":""NO"",""murajah"":""""},""TUESDAY_12"":{""juz1"":""29"",""juz2"":"""",""juz3"":"""",""juz4"":"""",""star"":"""",""jadeed"":""68:33"",""juzhali"":""NO"",""murajah"":""""},""TUESDAY_19"":{""juz1"":""30"",""juz2"":"""",""juz3"":"""",""juz4"":"""",""star"":"""",""jadeed"":""68:40"",""juzhali"":"""",""murajah"":""""},""SATURDAY_16"":{""juz1"":""30"",""juz2"":"""",""juz3"":"""",""juz4"":"""",""star"":"""",""jadeed"":""68:37"",""juzhali"":""NO"",""murajah"":""""},""THURSDAY_14"":{""juz1"":""30"",""juz2"":"""",""juz3"":"""",""juz4"":"""",""star"":"""",""jadeed"":""68:35"",""juzhali"":""NO"",""murajah"":""""},""WEDNESDAY_6"":{""juz1"":""29"",""juz2"":"""",""juz3"":"""",""juz4"":"""",""star"":"""",""jadeed"":""68:27"",""juzhali"":""NO"",""murajah"":""""},""WEDNESDAY_13"":{""juz1"":""30"",""juz2"":"""",""juz3"":"""",""juz4"":"""",""star"":"""",""jadeed"":""68:34"",""juzhali"":""NO"",""murajah"":""""}}",2026-06-08 12:05:28.731+00
638,88dc27aa-48f1-43ac-9100-b82d62e68570,"{""_mode"":""surah-wise"",""FRIDAY"":{""juz1"":""29"",""juz2"":"""",""juz3"":"""",""juz4"":"""",""star"":"""",""jadeed"":""71:4"",""juzhali"":""571:574"",""murajah"":""Al-Fajr til An-Naba""},""MONDAY"":{""juz1"":""30"",""juz2"":"""",""juz3"":"""",""juz4"":"""",""star"":"""",""jadeed"":""71:10"",""juzhali"":""571:574"",""murajah"":""Al-Fajr til An-Naba""},""SUNDAY"":{""juz1"":""29"",""juz2"":"""",""juz3"":"""",""juz4"":"""",""star"":"""",""jadeed"":""71:8"",""juzhali"":""571:574"",""murajah"":""An-Nas til Al-Balad""},""TUESDAY"":{""juz1"":""29"",""juz2"":"""",""juz3"":"""",""juz4"":"""",""star"":"""",""jadeed"":""71:12"",""juzhali"":""571:574"",""murajah"":""Al-Mursalat til Al-Jinn""},""FRIDAY_8"":{""juz1"":""30"",""juz2"":"""",""juz3"":"""",""juz4"":"""",""star"":"""",""jadeed"":""71:15"",""juzhali"":""572:575"",""murajah"":""Al-Mursalat til Al-Jinn""},""SATURDAY"":{""juz1"":""30"",""juz2"":"""",""juz3"":"""",""juz4"":"""",""star"":"""",""jadeed"":""71:6"",""juzhali"":""571:574"",""murajah"":""Al-Mursalat til Al-Jinn""},""THURSDAY"":{""juz1"":""30"",""juz2"":"""",""juz3"":"""",""juz4"":"""",""star"":"""",""jadeed"":""71:2"",""juzhali"":""571:574"",""murajah"":""An-Nas til Al-Balad""},""FRIDAY_15"":{""juz1"":""29"",""juz2"":"""",""juz3"":"""",""juz4"":"""",""star"":"""",""jadeed"":""71:25"",""juzhali"":""572:575"",""murajah"":""An-Nas til Al-Balad""},""MONDAY_11"":{""juz1"":""29"",""juz2"":"""",""juz3"":"""",""juz4"":"""",""star"":"""",""jadeed"":""71:18"",""juzhali"":""572:575"",""murajah"":""Al-Mursalat til Al-Jinn""},""MONDAY_18"":{""jadeed"":""70:2"",""juzhali"":""569:572"",""murajah"":""An-Nas til Al-Balad""},""SUNDAY_10"":{""juz1"":""30"",""juz2"":"""",""juz3"":"""",""juz4"":"""",""star"":"""",""jadeed"":""71:17"",""juzhali"":""572:575"",""murajah"":""Al-Fajr til An-Naba""},""SUNDAY_17"":{""juz1"":""29"",""juz2"":"""",""juz3"":"""",""juz4"":"""",""star"":"""",""jadeed"":""71:28"",""juzhali"":""572:575"",""murajah"":""Al-Mursalat til Al-Jinn""},""WEDNESDAY"":{""juz1"":"""",""juz2"":"""",""juz3"":"""",""juz4"":"""",""star"":"""",""jadeed"":"""",""juzhali"":"""",""murajah"":""""},""SATURDAY_9"":{""juz1"":""29"",""juz2"":"""",""juz3"":"""",""juz4"":"""",""star"":"""",""jadeed"":""71:16"",""juzhali"":""572:575"",""murajah"":""An-Nas til Al-Balad""},""THURSDAY_7"":{""juz1"":""29"",""juz2"":"""",""juz3"":"""",""juz4"":"""",""star"":"""",""jadeed"":""71:14"",""juzhali"":""571:574"",""murajah"":""Al-Fajr til An-Naba""},""TUESDAY_12"":{""juz1"":""30"",""juz2"":"""",""juz3"":"""",""juz4"":"""",""star"":"""",""jadeed"":""71:20"",""juzhali"":""572:575"",""murajah"":""An-Nas til Al-Balad""},""TUESDAY_19"":{""jadeed"":""70:4"",""juzhali"":""569:572"",""murajah"":""Al-Fajr til An-Naba""},""SATURDAY_16"":{""juz1"":""30"",""juz2"":"""",""juz3"":"""",""juz4"":"""",""star"":"""",""jadeed"":""71:27"",""juzhali"":""572:575"",""murajah"":""Al-Fajr til An-Naba""},""THURSDAY_14"":{""juz1"":""30"",""juz2"":"""",""juz3"":"""",""juz4"":"""",""star"":"""",""jadeed"":""71:24"",""juzhali"":""572:575"",""murajah"":""Al-Mursalat til Al-Jinn""},""WEDNESDAY_6"":{""juz1"":""30"",""juz2"":"""",""juz3"":"""",""juz4"":"""",""star"":"""",""jadeed"":""71:13"",""juzhali"":""571:574"",""murajah"":""An-Nas til Al-Balad""},""WEDNESDAY_13"":{""juz1"":""29"",""juz2"":"""",""juz3"":"""",""juz4"":"""",""star"":"""",""jadeed"":""71:22"",""juzhali"":""572:575"",""murajah"":""Al-Fajr til An-Naba""}}",2026-06-06 17:21:53.81+00
665,302af2cb-86c3-4463-b633-0d84a105c022,"{""_mode"":""surah-wise"",""FRIDAY"":{""juz1"":"""",""juz2"":"""",""juz3"":"""",""juz4"":"""",""star"":"""",""jadeed"":""78:2"",""juzhali"":""An-Nazi'at til An-Nazi'at"",""murajah"":""Al-Fajr til Al-Buruj""},""MONDAY"":{""juz1"":"""",""juz2"":"""",""juz3"":"""",""juz4"":"""",""star"":"""",""jadeed"":""78:5"",""juzhali"":""Abasa til Abasa"",""murajah"":""Al-Ghashiyah til Al-Buruj""},""SUNDAY"":{""juz1"":"""",""juz2"":"""",""juz3"":"""",""juz4"":"""",""star"":"""",""jadeed"":""78:4"",""juzhali"":""An-Nazi'at til An-Nazi'at"",""murajah"":""Al-Fatiha til Al-Fajr""},""TUESDAY"":{""juz1"":"""",""juz2"":"""",""juz3"":"""",""juz4"":"""",""star"":"""",""jadeed"":""78:6"",""juzhali"":""At-Takwir til At-Takwir"",""murajah"":""Al-Inshiqaq til An-Nazi'at""},""FRIDAY_8"":{""juz1"":"""",""juz2"":"""",""juz3"":"""",""juz4"":"""",""star"":"""",""jadeed"":""78:9"",""juzhali"":""An-Nazi'at til An-Nazi'at"",""murajah"":""Al-Inshiqaq til An-Nazi'at""},""SATURDAY"":{""juz1"":"""",""juz2"":"""",""juz3"":"""",""juz4"":"""",""star"":"""",""jadeed"":""78:3"",""juzhali"":""At-Takwir til At-Takwir"",""murajah"":""Al-Inshiqaq til An-Nazi'at""},""THURSDAY"":{""juz1"":""30"",""juz2"":"""",""juz3"":"""",""juz4"":"""",""star"":"""",""jadeed"":""78:1"",""juzhali"":""Abasa til Abasa"",""murajah"":""Al-Fatiha til Al-Balad""},""FRIDAY_15"":{""juz1"":"""",""juz2"":"""",""juz3"":"""",""juz4"":"""",""star"":"""",""jadeed"":""78:16"",""juzhali"":""Al-Buruj til Al-Buruj"",""murajah"":""Al-Fatiha til Al-Fajr""},""MONDAY_11"":{""juz1"":"""",""juz2"":"""",""juz3"":"""",""juz4"":"""",""star"":"""",""jadeed"":""78:12"",""juzhali"":"""",""murajah"":""Al-Inshiqaq til An-Nazi'at""},""MONDAY_18"":{""juz1"":""30"",""juz2"":"""",""juz3"":"""",""juz4"":"""",""star"":"""",""jadeed"":""78:19"",""juzhali"":""Abasa til Abasa"",""murajah"":""Al-Fatiha til Al-Balad""},""SUNDAY_10"":{""juz1"":"""",""juz2"":"""",""juz3"":"""",""juz4"":"""",""star"":"""",""jadeed"":""78:11"",""juzhali"":""Abasa til Abasa"",""murajah"":""Al-Ghashiyah til Al-Buruj""},""SUNDAY_17"":{""juz1"":"""",""juz2"":"""",""juz3"":"""",""juz4"":"""",""star"":"""",""jadeed"":""78:18"",""juzhali"":""An-Nazi'at til An-Nazi'at"",""murajah"":""Al-Inshiqaq til An-Nazi'at""},""WEDNESDAY"":{""juz1"":"""",""juz2"":"""",""juz3"":"""",""juz4"":"""",""star"":"""",""jadeed"":"""",""juzhali"":"""",""murajah"":""""},""SATURDAY_9"":{""juz1"":"""",""juz2"":"""",""juz3"":"""",""juz4"":"""",""star"":"""",""jadeed"":""78:10"",""juzhali"":""Abasa til Abasa"",""murajah"":""Al-Fatiha til Al-Fajr""},""THURSDAY_7"":{""juz1"":"""",""juz2"":"""",""juz3"":"""",""juz4"":"""",""star"":"""",""jadeed"":""78:8"",""juzhali"":""Al-Mutaffifin til Al-Mutaffifin"",""murajah"":""Al-Fajr til Al-Buruj""},""TUESDAY_12"":{""juz1"":""30"",""juz2"":"""",""juz3"":"""",""juz4"":"""",""star"":"""",""jadeed"":""78:13"",""juzhali"":""At-Takwir til At-Takwir"",""murajah"":""Al-Fatiha til Al-Balad""},""TUESDAY_19"":{""juz1"":"""",""juz2"":"""",""juz3"":"""",""juz4"":"""",""star"":"""",""jadeed"":""78:20"",""juzhali"":"""",""murajah"":""Al-Fajr til Al-Buruj""},""SATURDAY_16"":{""juz1"":"""",""juz2"":"""",""juz3"":"""",""juz4"":"""",""star"":"""",""jadeed"":""78:17"",""juzhali"":""Al-Mutaffifin til Al-Mutaffifin"",""murajah"":""Al-Ghashiyah til Al-Buruj""},""THURSDAY_14"":{""juz1"":"""",""juz2"":"""",""juz3"":"""",""juz4"":"""",""star"":"""",""jadeed"":""78:15"",""juzhali"":""Al-Mutaffifin til Al-Mutaffifin"",""murajah"":""Al-Inshiqaq til An-Nazi'at""},""WEDNESDAY_6"":{""juz1"":""30"",""juz2"":"""",""juz3"":"""",""juz4"":"""",""star"":"""",""jadeed"":""78:7"",""juzhali"":""Al-Infitar til Al-Infitar"",""murajah"":""Al-Fatiha til Al-Balad""},""WEDNESDAY_13"":{""juz1"":"""",""juz2"":"""",""juz3"":"""",""juz4"":"""",""star"":"""",""jadeed"":""78:14"",""juzhali"":""Al-Infitar til Al-Infitar"",""murajah"":""Al-Fajr til Al-Buruj""}}",2026-06-08 08:32:13.401+00
797,001c967a-f06c-4062-a6ba-d550c6ec4e2b,"{""_mode"":""surah-wise"",""FRIDAY"":{""juz1"":"""",""juz2"":"""",""juz3"":"""",""juz4"":"""",""star"":"""",""jadeed"":""73:2"",""juzhali"":""Al-Qiyamah til Al-Qiyamah"",""murajah"":""Al-Fajr til An-Naba""},""MONDAY"":{""juz1"":"""",""juz2"":"""",""juz3"":"""",""juz4"":"""",""star"":"""",""jadeed"":""73:5"",""juzhali"":""Al-Muddaththir til Al-Muddaththir"",""murajah"":""Al-Fajr til An-Naba""},""SUNDAY"":{""juz1"":"""",""juz2"":"""",""juz3"":"""",""juz4"":"""",""star"":"""",""jadeed"":""73:4"",""juzhali"":""Al-Mursalat til Al-Mursalat"",""murajah"":""Al-Fatiha til Al-Balad""},""TUESDAY"":{""juz1"":"""",""juz2"":"""",""juz3"":"""",""juz4"":"""",""star"":"""",""jadeed"":""73:6"",""juzhali"":""Al-Qiyamah til Al-Qiyamah"",""murajah"":""Al-Mursalat til Al-Muddaththir""},""FRIDAY_8"":{""juz1"":"""",""juz2"":"""",""juz3"":"""",""juz4"":"""",""star"":"""",""jadeed"":""73:9"",""juzhali"":""Al-Muddaththir til Al-Muddaththir"",""murajah"":""Al-Mursalat til Al-Muddaththir""},""SATURDAY"":{""juz1"":"""",""juz2"":"""",""juz3"":"""",""juz4"":"""",""star"":"""",""jadeed"":""73:3"",""juzhali"":""Al-Insan til Al-Insan"",""murajah"":""Al-Mursalat til Al-Muddaththir""},""THURSDAY"":{""juz1"":"""",""juz2"":"""",""juz3"":"""",""juz4"":"""",""star"":"""",""jadeed"":""73:1"",""juzhali"":""Al-Muddaththir til Al-Muddaththir"",""murajah"":""Al-Fatiha til Al-Balad""},""FRIDAY_15"":{""juz1"":"""",""juz2"":"""",""juz3"":"""",""juz4"":"""",""star"":"""",""jadeed"":""73:4"",""juzhali"":""Al-Mursalat til Al-Mursalat"",""murajah"":""Al-Fatiha til Al-Balad""},""MONDAY_11"":{""juz1"":"""",""juz2"":"""",""juz3"":"""",""juz4"":"""",""star"":"""",""jadeed"":""73:12"",""juzhali"":""Al-Mursalat til Al-Mursalat"",""murajah"":""Al-Mursalat til Al-Muddaththir""},""MONDAY_18"":{""juz1"":"""",""juz2"":"""",""juz3"":"""",""juz4"":"""",""star"":"""",""jadeed"":""73:18"",""juzhali"":""Al-Insan til Al-Insan"",""murajah"":""Al-Fatiha til Al-Balad""},""SUNDAY_10"":{""juz1"":"""",""juz2"":"""",""juz3"":"""",""juz4"":"""",""star"":"""",""jadeed"":""73:11"",""juzhali"":""Al-Insan til Al-Insan"",""murajah"":""Al-Fajr til An-Naba""},""SUNDAY_17"":{""juz1"":"""",""juz2"":"""",""juz3"":"""",""juz4"":"""",""star"":"""",""jadeed"":""73:17"",""juzhali"":""Al-Qiyamah til Al-Qiyamah"",""murajah"":""Al-Mursalat til Al-Muddaththir""},""WEDNESDAY"":{""juz1"":"""",""juz2"":"""",""juz3"":"""",""juz4"":"""",""star"":"""",""jadeed"":"""",""juzhali"":"""",""murajah"":""""},""SATURDAY_9"":{""juz1"":"""",""juz2"":"""",""juz3"":"""",""juz4"":"""",""star"":"""",""jadeed"":""73:10"",""juzhali"":""Al-Qiyamah til Al-Qiyamah"",""murajah"":""Al-Fatiha til Al-Balad""},""THURSDAY_7"":{""juz1"":"""",""juz2"":"""",""juz3"":"""",""juz4"":"""",""star"":"""",""jadeed"":""73:8"",""juzhali"":""Al-Mursalat til Al-Mursalat"",""murajah"":""Al-Fajr til An-Naba""},""TUESDAY_12"":{""juz1"":"""",""juz2"":"""",""juz3"":"""",""juz4"":"""",""star"":"""",""jadeed"":""73:13"",""juzhali"":""Al-Muddaththir til Al-Muddaththir"",""murajah"":""Al-Fatiha til Al-Balad""},""TUESDAY_19"":{""juz1"":"""",""juz2"":"""",""juz3"":"""",""juz4"":"""",""star"":"""",""jadeed"":""73:20"",""juzhali"":"""",""murajah"":""Al-Fajr til An-Naba""},""SATURDAY_16"":{""juz1"":"""",""juz2"":"""",""juz3"":"""",""juz4"":"""",""star"":"""",""jadeed"":""73:16"",""juzhali"":""Al-Muddaththir til Al-Muddaththir"",""murajah"":""Al-Fajr til An-Naba""},""THURSDAY_14"":{""juz1"":"""",""juz2"":"""",""juz3"":"""",""juz4"":"""",""star"":"""",""jadeed"":""73:15"",""juzhali"":""Al-Insan til Al-Insan"",""murajah"":""Al-Mursalat til Al-Muddaththir""},""WEDNESDAY_6"":{""juz1"":"""",""juz2"":"""",""juz3"":"""",""juz4"":"""",""star"":"""",""jadeed"":""73:7"",""juzhali"":""Al-Insan til Al-Insan"",""murajah"":""Al-Fatiha til Al-Balad""},""WEDNESDAY_13"":{""juz1"":"""",""juz2"":"""",""juz3"":"""",""juz4"":"""",""star"":"""",""jadeed"":""73:14"",""juzhali"":""Al-Qiyamah til Al-Qiyamah"",""murajah"":""Al-Fajr til An-Naba""}}",2026-06-08 08:34:30.785+00
800,a0b86790-02d5-4d0a-ae4a-81bf20d44d1b,"{""_mode"":""juz-wise"",""FRIDAY"":{""juz1"":""2"",""juz2"":""9"",""juz3"":"""",""juz4"":"""",""star"":"""",""jadeed"":""10:14"",""juzhali"":""199:207"",""murajah"":""""},""MONDAY"":{""juz1"":""5"",""juz2"":""30"",""juz3"":"""",""juz4"":"""",""star"":"""",""jadeed"":""10:33"",""juzhali"":"""",""murajah"":""""},""SUNDAY"":{""juz1"":""4"",""juz2"":""7"",""juz3"":"""",""juz4"":"""",""star"":"""",""jadeed"":""10:25"",""juzhali"":""204:209"",""murajah"":""""},""TUESDAY"":{""juz1"":""6"",""juz2"":""11"",""juz3"":"""",""juz4"":"""",""star"":"""",""jadeed"":""10:42"",""juzhali"":""206:211"",""murajah"":""""},""FRIDAY_8"":{""juz1"":""3"",""juz2"":""8"",""juz3"":"""",""juz4"":"""",""star"":"""",""jadeed"":""10:70"",""juzhali"":""209:215"",""murajah"":""""},""SATURDAY"":{""juz1"":""3"",""juz2"":""8"",""juz3"":"""",""juz4"":"""",""star"":"""",""jadeed"":""10:20"",""juzhali"":""200:209"",""murajah"":""""},""THURSDAY"":{""juz1"":""1"",""juz2"":""10"",""juz3"":"""",""juz4"":"""",""star"":"""",""jadeed"":""10:6"",""juzhali"":""198:207"",""murajah"":""""},""FRIDAY_15"":{""juz1"":""4"",""juz2"":""7"",""juz3"":"""",""juz4"":"""",""star"":"""",""jadeed"":""11:12"",""juzhali"":""215:221"",""murajah"":""""},""MONDAY_11"":{""juz1"":""6"",""juz2"":""11"",""juz3"":"""",""juz4"":"""",""star"":"""",""jadeed"":""10:97"",""juzhali"":""211:218"",""murajah"":""""},""MONDAY_18"":{""juz1"":""1"",""juz2"":""7"",""jadeed"":""11:37"",""juzhali"":""217:224""},""SUNDAY_10"":{""juz1"":""5"",""juz2"":""30"",""juz3"":"""",""juz4"":"""",""star"":"""",""jadeed"":""10:88"",""juzhali"":""210:217"",""murajah"":""""},""SUNDAY_17"":{""juz1"":""6"",""juz2"":""11"",""juz3"":"""",""juz4"":"""",""star"":"""",""jadeed"":""11:28"",""juzhali"":""216:223"",""murajah"":""""},""WEDNESDAY"":{""juz1"":"""",""juz2"":"""",""juz3"":"""",""juz4"":"""",""star"":"""",""jadeed"":"""",""juzhali"":"""",""murajah"":""""},""SATURDAY_9"":{""juz1"":""4"",""juz2"":""7"",""juz3"":"""",""juz4"":"""",""star"":"""",""jadeed"":""10:78"",""juzhali"":""210:216"",""murajah"":""""},""THURSDAY_7"":{""juz1"":""2"",""juz2"":""9"",""juz3"":"""",""juz4"":"""",""star"":"""",""jadeed"":""10:61"",""juzhali"":""207:214"",""murajah"":""""},""TUESDAY_12"":{""juz1"":""1"",""juz2"":""10"",""juz3"":"""",""juz4"":"""",""star"":"""",""jadeed"":""10:106"",""juzhali"":""212:219"",""murajah"":""""},""TUESDAY_19"":{""jadeed"":""11:45"",""juzhali"":""218:225""},""SATURDAY_16"":{""juz1"":""5"",""juz2"":""30"",""juz3"":"""",""juz4"":"""",""star"":"""",""jadeed"":""11:19"",""juzhali"":""215:222"",""murajah"":""""},""THURSDAY_14"":{""juz1"":""3"",""juz2"":""8"",""juz3"":"""",""juz4"":"""",""star"":"""",""jadeed"":""11:5"",""juzhali"":""213:220"",""murajah"":""""},""WEDNESDAY_6"":{""juz1"":""1"",""juz2"":""10"",""juz3"":"""",""juz4"":"""",""star"":"""",""jadeed"":""10:53"",""juzhali"":""207:213"",""murajah"":""""},""WEDNESDAY_13"":{""juz1"":""2"",""juz2"":""9"",""juz3"":"""",""juz4"":"""",""star"":"""",""jadeed"":""10:106"",""juzhali"":""212:219"",""murajah"":""""}}",2026-06-08 12:17:24.758+00
855,7def9fa3-62f6-47a6-a71d-002a68c3df2a,"{""_mode"":""juz-wise"",""FRIDAY"":{""juz1"":""5"",""juz2"":""30"",""juz3"":"""",""juz4"":"""",""star"":"""",""jadeed"":""10:61"",""juzhali"":""208:214"",""murajah"":""""},""MONDAY"":{""juz1"":""2"",""juz2"":""9"",""juz3"":"""",""juz4"":"""",""star"":"""",""jadeed"":""10:97"",""juzhali"":""212:218"",""murajah"":""""},""SUNDAY"":{""juz1"":""1"",""juz2"":""10"",""juz3"":"""",""juz4"":"""",""star"":"""",""jadeed"":""10:88"",""juzhali"":""210:217"",""murajah"":""""},""TUESDAY"":{""juz1"":""3"",""juz2"":""8"",""juz3"":"""",""juz4"":"""",""star"":"""",""jadeed"":""10:106"",""juzhali"":""213:219"",""murajah"":""""},""FRIDAY_8"":{""juz1"":""6"",""juz2"":"""",""juz3"":"""",""juz4"":"""",""star"":"""",""jadeed"":""11:28"",""juzhali"":""217:223"",""murajah"":""""},""SATURDAY"":{""juz1"":""6"",""juz2"":"""",""juz3"":"""",""juz4"":"""",""star"":"""",""jadeed"":""10:78"",""juzhali"":""207:216"",""murajah"":""""},""THURSDAY"":{""juz1"":""4"",""juz2"":""7"",""juz3"":"""",""juz4"":"""",""star"":"""",""jadeed"":""10:53"",""juzhali"":""204:210"",""murajah"":""""},""FRIDAY_15"":{""juz1"":""1"",""juz2"":""10"",""juz3"":"""",""juz4"":"""",""star"":"""",""jadeed"":""11:77"",""juzhali"":""222:228"",""murajah"":""""},""MONDAY_11"":{""juz1"":""3"",""juz2"":""8"",""juz3"":"""",""juz4"":"""",""star"":"""",""jadeed"":""11:53"",""juzhali"":""219:225"",""murajah"":""""},""MONDAY_18"":{""juz1"":""4"",""juz2"":""7"",""juz3"":"""",""juz4"":"""",""star"":"""",""jadeed"":""11:102"",""juzhali"":""225:231"",""murajah"":""""},""SUNDAY_10"":{""juz1"":""2"",""juz2"":""9"",""juz3"":"""",""juz4"":"""",""star"":"""",""jadeed"":""11:45"",""juzhali"":""219:225"",""murajah"":""""},""SUNDAY_17"":{""juz1"":""3"",""juz2"":""8"",""juz3"":"""",""juz4"":"""",""star"":"""",""jadeed"":""11:92"",""juzhali"":""224:230"",""murajah"":""""},""WEDNESDAY"":{""juz1"":"""",""juz2"":"""",""juz3"":"""",""juz4"":"""",""star"":"""",""jadeed"":"""",""juzhali"":"""",""murajah"":""""},""SATURDAY_9"":{""juz1"":""1"",""juz2"":""10"",""juz3"":"""",""juz4"":"""",""star"":"""",""jadeed"":""11:37"",""juzhali"":""218:224"",""murajah"":""""},""THURSDAY_7"":{""juz1"":""5"",""juz2"":""30"",""juz3"":"""",""juz4"":"""",""star"":"""",""jadeed"":""11:12"",""juzhali"":""215:221"",""murajah"":""""},""TUESDAY_12"":{""juz1"":""4"",""juz2"":""7"",""juz3"":"""",""juz4"":"""",""star"":"""",""jadeed"":""11:59"",""juzhali"":""220:226"",""murajah"":""""},""TUESDAY_19"":{""juz1"":""5"",""juz2"":""30"",""juz3"":"""",""juz4"":"""",""star"":"""",""jadeed"":""11:108"",""juzhali"":""223:232"",""murajah"":""""},""SATURDAY_16"":{""juz1"":""2"",""juz2"":""9"",""juz3"":"""",""juz4"":"""",""star"":"""",""jadeed"":""11:85"",""juzhali"":""223:229"",""murajah"":""""},""THURSDAY_14"":{""juz1"":""6"",""juz2"":"""",""juz3"":"""",""juz4"":"""",""star"":"""",""jadeed"":""11:66"",""juzhali"":""224:227"",""murajah"":""""},""WEDNESDAY_6"":{""juz1"":""4"",""juz2"":""7"",""juz3"":"""",""juz4"":"""",""star"":"""",""jadeed"":""11:5"",""juzhali"":""214:220"",""murajah"":""""},""WEDNESDAY_13"":{""juz1"":""5"",""juz2"":""30"",""juz3"":"""",""juz4"":"""",""star"":"""",""jadeed"":""11:62"",""juzhali"":""220:226"",""murajah"":""""}}",2026-06-06 13:51:51.34+00
914,fe47c15c-4557-4d96-90b3-b66f6f12db2a,"{""_mode"":""surah-wise"",""FRIDAY"":{""juz1"":"""",""juz2"":"""",""juz3"":"""",""juz4"":"""",""star"":"""",""jadeed"":""49:16"",""juzhali"":""518:527"",""murajah"":""Al-Mursalat til Nuh""},""MONDAY"":{""juz1"":"""",""juz2"":"""",""juz3"":"""",""juz4"":"""",""star"":"""",""jadeed"":""48:2"",""juzhali"":""512:521"",""murajah"":""As-Saff til Al-Mujadilah""},""SUNDAY"":{""juz1"":"""",""juz2"":"""",""juz3"":"""",""juz4"":"""",""star"":"""",""jadeed"":""49:18"",""juzhali"":""518:527"",""murajah"":""At-Tahrim til Al-Jumu'ah""},""TUESDAY"":{""juz1"":"""",""juz2"":"""",""juz3"":"""",""juz4"":"""",""star"":"""",""jadeed"":""48:4"",""juzhali"":""512:521"",""murajah"":""Al-Hadid til Al-Qamar""},""FRIDAY_8"":{""juz1"":"""",""juz2"":"""",""juz3"":"""",""juz4"":"""",""star"":"""",""jadeed"":""48:10"",""juzhali"":""518:527"",""murajah"":""Al-Jinn til Al-Mulk""},""SATURDAY"":{""juz1"":"""",""juz2"":"""",""juz3"":"""",""juz4"":"""",""star"":"""",""jadeed"":""49:18"",""juzhali"":""518:527"",""murajah"":""Al-Jinn til Al-Mulk""},""THURSDAY"":{""juz1"":"""",""juz2"":"""",""juz3"":"""",""juz4"":"""",""star"":"""",""jadeed"":""49:15"",""juzhali"":""518:527"",""murajah"":""An-Nas til An-Naba""},""FRIDAY_15"":{""juz1"":"""",""juz2"":"""",""juz3"":"""",""juz4"":"""",""star"":"""",""jadeed"":""48:20"",""juzhali"":""518:527"",""murajah"":""At-Tahrim til Al-Jumu'ah""},""MONDAY_11"":{""juz1"":"""",""juz2"":"""",""juz3"":"""",""juz4"":"""",""star"":"""",""jadeed"":""48:16"",""juzhali"":""512:521"",""murajah"":""Al-Hadid til Al-Qamar""},""MONDAY_18"":{""juz1"":"""",""juz2"":"""",""juz3"":"""",""juz4"":"""",""star"":"""",""jadeed"":""48:29"",""juzhali"":""Al-Hujurat til Al-Hujurat"",""murajah"":""An-Nas til An-Naba""},""SUNDAY_10"":{""juz1"":"""",""juz2"":"""",""juz3"":"""",""juz4"":"""",""star"":"""",""jadeed"":""48:14"",""juzhali"":""512:521"",""murajah"":""As-Saff til Al-Mujadilah""},""SUNDAY_17"":{""juz1"":"""",""juz2"":"""",""juz3"":"""",""juz4"":"""",""star"":"""",""jadeed"":""48:24"",""juzhali"":""512:521"",""murajah"":""Al-Hadid til Al-Qamar""},""WEDNESDAY"":{""juz1"":"""",""juz2"":"""",""juz3"":"""",""juz4"":"""",""star"":"""",""jadeed"":"""",""juzhali"":"""",""murajah"":""""},""SATURDAY_9"":{""juz1"":"""",""juz2"":"""",""juz3"":"""",""juz4"":"""",""star"":"""",""jadeed"":""48:12"",""juzhali"":""518:527"",""murajah"":""At-Tahrim til Al-Jumu'ah""},""THURSDAY_7"":{""juz1"":"""",""juz2"":"""",""juz3"":"""",""juz4"":"""",""star"":"""",""jadeed"":""48:8"",""juzhali"":""518:527"",""murajah"":""Al-Mursalat til Nuh""},""TUESDAY_12"":{""juz1"":"""",""juz2"":"""",""juz3"":"""",""juz4"":"""",""star"":"""",""jadeed"":""48:17"",""juzhali"":""518:527"",""murajah"":""An-Nas til An-Naba""},""TUESDAY_19"":{""jadeed"":""48:22""},""SATURDAY_16"":{""juz1"":"""",""juz2"":"""",""juz3"":"""",""juz4"":"""",""star"":"""",""jadeed"":""48:22"",""juzhali"":""512:521"",""murajah"":""As-Saff til Al-Mujadilah""},""THURSDAY_14"":{""juz1"":"""",""juz2"":"""",""juz3"":"""",""juz4"":"""",""star"":"""",""jadeed"":""48:19"",""juzhali"":""518:527"",""murajah"":""Al-Jinn til Al-Mulk""},""WEDNESDAY_6"":{""juz1"":"""",""juz2"":"""",""juz3"":"""",""juz4"":"""",""star"":"""",""jadeed"":""48:6"",""juzhali"":""518:527"",""murajah"":""An-Nas til An-Naba""},""WEDNESDAY_13"":{""juz1"":"""",""juz2"":"""",""juz3"":"""",""juz4"":"""",""star"":"""",""jadeed"":""48:18"",""juzhali"":""518:527"",""murajah"":""Al-Mursalat til Nuh""}}",2026-06-08 12:28:04.403+00
1128,345c7dce-e212-4ed1-84b0-e5b1a678f090,"{""_mode"":""surah-wise"",""FRIDAY"":{""juz1"":""30"",""juz2"":"""",""juz3"":"""",""juz4"":"""",""star"":"""",""jadeed"":""69:13"",""juzhali"":""568:571"",""murajah"":""Al-Qadr til Al-Balad""},""MONDAY"":{""juz1"":""29"",""juz2"":"""",""juz3"":"""",""juz4"":"""",""star"":"""",""jadeed"":""69:16"",""juzhali"":""568:571"",""murajah"":""Al-Mursalat til Al-Insan""},""SUNDAY"":{""juz1"":""30"",""juz2"":"""",""juz3"":"""",""juz4"":"""",""star"":"""",""jadeed"":""69:15"",""juzhali"":""568:571"",""murajah"":""Al-Mutaffifin til An-Naba""},""TUESDAY"":{""juz1"":""29"",""juz2"":"""",""juz3"":"""",""juz4"":"""",""star"":"""",""jadeed"":""69:17"",""juzhali"":""568:571"",""murajah"":""Al-Qiyamah til Al-Muddaththir""},""FRIDAY_8"":{""juz1"":""30"",""juz2"":"""",""juz3"":"""",""juz4"":"""",""star"":"""",""jadeed"":""69:20"",""juzhali"":""568:571"",""murajah"":""Al-Fajr til Al-Inshiqaq""},""SATURDAY"":{""juz1"":""30"",""juz2"":"""",""juz3"":"""",""juz4"":"""",""star"":"""",""jadeed"":""69:14"",""juzhali"":""568:571"",""murajah"":""Al-Fajr til Al-Inshiqaq""},""THURSDAY"":{""juz1"":""30"",""juz2"":"""",""juz3"":"""",""juz4"":"""",""star"":"""",""jadeed"":""69:12"",""juzhali"":""568:571"",""murajah"":""An-Nas til Al-Bayyinah""},""FRIDAY_15"":{""juz1"":""30"",""juz2"":"""",""juz3"":"""",""juz4"":"""",""star"":"""",""jadeed"":""69:27"",""juzhali"":""568:571"",""murajah"":""Al-Mutaffifin til An-Naba""},""MONDAY_11"":{""juz1"":""29"",""juz2"":"""",""juz3"":"""",""juz4"":"""",""star"":"""",""jadeed"":""69:23"",""juzhali"":""568:571"",""murajah"":""Al-Qiyamah til Al-Muddaththir""},""MONDAY_18"":{""jadeed"":""69:30"",""juzhali"":""568:571"",""murajah"":""Al-Muzzammil til Al-Jinn""},""SUNDAY_10"":{""juz1"":""29"",""juz2"":"""",""juz3"":"""",""juz4"":"""",""star"":"""",""jadeed"":""69:22"",""juzhali"":""568:571"",""murajah"":""Al-Mursalat til Al-Insan""},""SUNDAY_17"":{""juz1"":""29"",""juz2"":"""",""juz3"":"""",""juz4"":"""",""star"":"""",""jadeed"":""69:29"",""juzhali"":""568:571"",""murajah"":""Al-Qiyamah til Al-Muddaththir""},""WEDNESDAY"":{""juz1"":"""",""juz2"":"""",""juz3"":"""",""juz4"":"""",""star"":"""",""jadeed"":"""",""juzhali"":"""",""murajah"":""""},""SATURDAY_9"":{""juz1"":""30"",""juz2"":"""",""juz3"":"""",""juz4"":"""",""star"":"""",""jadeed"":""69:21"",""juzhali"":""568:571"",""murajah"":""Al-Mutaffifin til An-Naba""},""THURSDAY_7"":{""juz1"":""30"",""juz2"":"""",""juz3"":"""",""juz4"":"""",""star"":"""",""jadeed"":""69:19"",""juzhali"":""568:571"",""murajah"":""Al-Qadr til Al-Balad""},""TUESDAY_12"":{""juz1"":""30"",""juz2"":"""",""juz3"":"""",""juz4"":"""",""star"":"""",""jadeed"":""69:24"",""juzhali"":""568:571"",""murajah"":""Al-Jinn til Al-Muzzammil""},""TUESDAY_19"":{""jadeed"":""69:31"",""juzhali"":""568:571"",""murajah"":""An-Nas til Al-Bayyinah""},""SATURDAY_16"":{""juz1"":""29"",""juz2"":"""",""juz3"":"""",""juz4"":"""",""star"":"""",""jadeed"":""69:28"",""juzhali"":""568:571"",""murajah"":""Al-Mursalat til Al-Insan""},""THURSDAY_14"":{""juz1"":""30"",""juz2"":"""",""juz3"":"""",""juz4"":"""",""star"":"""",""jadeed"":""69:26"",""juzhali"":""568:571"",""murajah"":""Al-Fajr til Al-Inshiqaq""},""WEDNESDAY_6"":{""juz1"":""30"",""juz2"":"""",""juz3"":"""",""juz4"":"""",""star"":"""",""jadeed"":""69:18"",""juzhali"":""568:571"",""murajah"":""Al-Muzzammil til Al-Jinn""},""WEDNESDAY_13"":{""juz1"":""30"",""juz2"":"""",""juz3"":"""",""juz4"":"""",""star"":"""",""jadeed"":""69:25"",""juzhali"":""568:571"",""murajah"":""Al-Qadr til Al-Balad""}}",2026-06-07 05:48:42.712+00
1256,11d7483f-dcd1-4e65-b35e-922401c98345,"{""_mode"":""juz-wise"",""FRIDAY"":{""juz1"":""2"",""juz2"":""9"",""juz3"":"""",""juz4"":"""",""star"":"""",""jadeed"":""10:85"",""juzhali"":""213:217"",""murajah"":""""},""MONDAY"":{""juz1"":""5"",""juz2"":""6"",""juz3"":"""",""juz4"":"""",""star"":"""",""jadeed"":""10:97"",""juzhali"":""214:218"",""murajah"":""""},""SUNDAY"":{""juz1"":""4"",""juz2"":""7"",""juz3"":"""",""juz4"":"""",""star"":"""",""jadeed"":""10:95"",""juzhali"":""214:218"",""murajah"":""""},""TUESDAY"":{""juz1"":""11"",""juz2"":""30"",""juz3"":"""",""juz4"":"""",""star"":"""",""jadeed"":""10:100"",""juzhali"":""214:218"",""murajah"":""""},""FRIDAY_8"":{""juz1"":""3"",""juz2"":""8"",""juz3"":"""",""juz4"":"""",""star"":"""",""jadeed"":""10:106"",""juzhali"":""215:219"",""murajah"":""""},""SATURDAY"":{""juz1"":""3"",""juz2"":""8"",""juz3"":"""",""juz4"":"""",""star"":"""",""jadeed"":""10:94"",""juzhali"":""214:218"",""murajah"":""""},""THURSDAY"":{""juz1"":""1"",""juz2"":""10"",""juz3"":"""",""juz4"":"""",""star"":"""",""jadeed"":""10:82"",""juzhali"":""212:216"",""murajah"":""""},""FRIDAY_15"":{""juz1"":""4"",""juz2"":""7"",""juz3"":"""",""juz4"":"""",""star"":"""",""jadeed"":""11:20"",""juzhali"":""218:222"",""murajah"":""""},""MONDAY_11"":{""juz1"":""11"",""juz2"":""30"",""juz3"":"""",""juz4"":"""",""star"":"""",""jadeed"":""11:7"",""juzhali"":""216:220"",""murajah"":""""},""MONDAY_18"":{""juz1"":""1"",""juz2"":""10"",""juz3"":"""",""juz4"":"""",""star"":"""",""jadeed"":""11:27"",""juzhali"":""218:222"",""murajah"":""""},""SUNDAY_10"":{""juz1"":""5"",""juz2"":""6"",""juz3"":"""",""juz4"":"""",""star"":"""",""jadeed"":""11:4"",""juzhali"":""216:220"",""murajah"":""""},""SUNDAY_17"":{""juz1"":""11"",""juz2"":""30"",""juz3"":"""",""juz4"":"""",""star"":"""",""jadeed"":""11:25"",""juzhali"":""218:222"",""murajah"":""""},""WEDNESDAY"":{""juz1"":"""",""juz2"":"""",""juz3"":"""",""juz4"":"""",""star"":"""",""jadeed"":"""",""juzhali"":"""",""murajah"":""""},""SATURDAY_9"":{""juz1"":""4"",""juz2"":""7"",""juz3"":"""",""juz4"":"""",""star"":"""",""jadeed"":""10:109"",""juzhali"":""215:219"",""murajah"":""""},""THURSDAY_7"":{""juz1"":""2"",""juz2"":""9"",""juz3"":"""",""juz4"":"""",""star"":"""",""jadeed"":""10:104"",""juzhali"":""215:219"",""murajah"":""""},""TUESDAY_12"":{""juz1"":""1"",""juz2"":""10"",""juz3"":"""",""juz4"":"""",""star"":"""",""jadeed"":""11:10"",""juzhali"":""217:221"",""murajah"":""""},""TUESDAY_19"":{""juz1"":""2"",""juz2"":""9"",""juz3"":"""",""juz4"":"""",""star"":"""",""jadeed"":""10:96"",""juzhali"":""214:218"",""murajah"":""""},""SATURDAY_16"":{""juz1"":""5"",""juz2"":""6"",""juz3"":"""",""juz4"":"""",""star"":"""",""jadeed"":""11:22"",""juzhali"":""218:222"",""murajah"":""""},""THURSDAY_14"":{""juz1"":""3"",""juz2"":""8"",""juz3"":"""",""juz4"":"""",""star"":"""",""jadeed"":""11:16"",""juzhali"":""217:221"",""murajah"":""""},""WEDNESDAY_6"":{""juz1"":""1"",""juz2"":""10"",""juz3"":"""",""juz4"":"""",""star"":"""",""jadeed"":""10:102"",""juzhali"":""215:219"",""murajah"":""""},""WEDNESDAY_13"":{""juz1"":""2"",""juz2"":""9"",""juz3"":"""",""juz4"":"""",""star"":"""",""jadeed"":""11:13"",""juzhali"":""217:221"",""murajah"":""""}}",2026-06-09 13:52:15.538+00
1454,665f5d37-4a0f-4811-b223-415f0154d022,"{""_mode"":""surah-wise"",""FRIDAY"":{""juz1"":""29"",""juz2"":"""",""juz3"":"""",""juz4"":"""",""star"":"""",""jadeed"":""57:2"",""juzhali"":""1:1"",""murajah"":""Al-Fajr til An-Naba""},""MONDAY"":{""juz1"":"""",""juz2"":"""",""juz3"":"""",""juz4"":"""",""star"":"""",""jadeed"":""57:4"",""juzhali"":""1:1"",""murajah"":""At-Tahrim til Al-Jumu'ah""},""SUNDAY"":{""juz1"":"""",""juz2"":"""",""juz3"":"""",""juz4"":"""",""star"":"""",""jadeed"":""57:3"",""juzhali"":""1:1"",""murajah"":""Nuh til Al-Mulk""},""TUESDAY"":{""juz1"":"""",""juz2"":"""",""juz3"":"""",""juz4"":"""",""star"":"""",""jadeed"":""57:5"",""juzhali"":""1:1"",""murajah"":""As-Saff til Al-Mujadilah""},""FRIDAY_8"":{""juz1"":"""",""juz2"":"""",""juz3"":"""",""juz4"":"""",""star"":"""",""jadeed"":""57:6"",""juzhali"":""1:1"",""murajah"":""Al-Mursalat til Al-Jinn""},""SATURDAY"":{""juz1"":"""",""juz2"":"""",""juz3"":"""",""juz4"":"""",""star"":"""",""jadeed"":""57:3"",""juzhali"":""1:1"",""murajah"":""Al-Mursalat til Al-Jinn""},""THURSDAY"":{""juz1"":""30"",""juz2"":"""",""juz3"":"""",""juz4"":"""",""star"":"""",""jadeed"":""57:1"",""juzhali"":""1:1"",""murajah"":""An-Nas til Al-Balad""},""FRIDAY_15"":{""juz1"":"""",""juz2"":"""",""juz3"":"""",""juz4"":"""",""star"":"""",""jadeed"":""57:11"",""juzhali"":""1:1"",""murajah"":""Nuh til Al-Mulk""},""MONDAY_11"":{""juz1"":"""",""juz2"":"""",""juz3"":"""",""juz4"":"""",""star"":"""",""jadeed"":""57:8"",""juzhali"":""1:1"",""murajah"":""As-Saff til Al-Mujadilah""},""MONDAY_18"":{""jadeed"":""57:13"",""juzhali"":""Al-Mujadilah til Al-Mujadilah"",""murajah"":""Al-Hadid til Al-Hadid""},""SUNDAY_10"":{""juz1"":"""",""juz2"":"""",""juz3"":"""",""juz4"":"""",""star"":"""",""jadeed"":""57:8"",""juzhali"":""1:1"",""murajah"":""At-Tahrim til Al-Jumu'ah""},""SUNDAY_17"":{""juz1"":"""",""juz2"":"""",""juz3"":"""",""juz4"":"""",""star"":"""",""jadeed"":""57:12"",""juzhali"":""1:1"",""murajah"":""As-Saff til Al-Mujadilah""},""WEDNESDAY"":{""juz1"":"""",""juz2"":"""",""juz3"":"""",""juz4"":"""",""star"":"""",""jadeed"":"""",""juzhali"":"""",""murajah"":""""},""SATURDAY_9"":{""juz1"":"""",""juz2"":"""",""juz3"":"""",""juz4"":"""",""star"":"""",""jadeed"":""57:7"",""juzhali"":""1:1"",""murajah"":""Nuh til Al-Mulk""},""THURSDAY_7"":{""juz1"":""29"",""juz2"":"""",""juz3"":"""",""juz4"":"""",""star"":"""",""jadeed"":""57:6"",""juzhali"":""1:1"",""murajah"":""Al-Fajr til An-Naba""},""TUESDAY_12"":{""juz1"":""30"",""juz2"":"""",""juz3"":"""",""juz4"":"""",""star"":"""",""jadeed"":""57:9"",""juzhali"":""1:1"",""murajah"":""An-Nas til Al-Balad""},""SATURDAY_16"":{""juz1"":"""",""juz2"":"""",""juz3"":"""",""juz4"":"""",""star"":"""",""jadeed"":""57:12"",""juzhali"":""1:1"",""murajah"":""At-Tahrim til Al-Jumu'ah""},""THURSDAY_14"":{""juz1"":"""",""juz2"":"""",""juz3"":"""",""juz4"":"""",""star"":"""",""jadeed"":""57:11"",""juzhali"":""1:1"",""murajah"":""Al-Mursalat til Al-Jinn""},""WEDNESDAY_6"":{""juz1"":""30"",""juz2"":"""",""juz3"":"""",""juz4"":"""",""star"":"""",""jadeed"":""57:6"",""juzhali"":""1:1"",""murajah"":""An-Nas til Al-Balad""},""WEDNESDAY_13"":{""juz1"":""29"",""juz2"":"""",""juz3"":"""",""juz4"":"""",""star"":"""",""jadeed"":""57:10"",""juzhali"":""1:1"",""murajah"":""Al-Fajr til An-Naba""}}",2026-06-08 12:27:28.405+00
1495,d696341d-00ef-4ffb-b712-eba1c0cc4bf8,"{""_mode"":""surah-wise"",""FRIDAY"":{""juz1"":"""",""juz2"":"""",""juz3"":"""",""juz4"":"""",""star"":"""",""jadeed"":""69:20"",""juzhali"":""567:576"",""murajah"":""Al-Mutaffifin til Al-Fajr""},""MONDAY"":{""juz1"":"""",""juz2"":"""",""juz3"":"""",""juz4"":"""",""star"":"""",""jadeed"":""69:50"",""juzhali"":""568:574"",""murajah"":""Al-Kawthar til An-Nas""},""SUNDAY"":{""juz1"":"""",""juz2"":"""",""juz3"":"""",""juz4"":"""",""star"":"""",""jadeed"":""69:40"",""juzhali"":""568:576"",""murajah"":""Al-Bayyinah til Al-Ma'un""},""TUESDAY"":{""juz1"":"""",""juz2"":"""",""juz3"":"""",""juz4"":"""",""star"":"""",""jadeed"":""69:52"",""juzhali"":""568:575"",""murajah"":""Al-Mursalat til Al-Muzzammil""},""FRIDAY_8"":{""juz1"":"""",""juz2"":"""",""juz3"":"""",""juz4"":"""",""star"":"""",""jadeed"":""68:30"",""juzhali"":""566:574"",""murajah"":""Al-Balad til Al-Qadr""},""SATURDAY"":{""juz1"":"""",""juz2"":"""",""juz3"":"""",""juz4"":"""",""star"":"""",""jadeed"":""69:30"",""juzhali"":""568:577"",""murajah"":""Al-Balad til Al-Qadr""},""THURSDAY"":{""juz1"":"""",""juz2"":"""",""juz3"":"""",""juz4"":"""",""star"":"""",""jadeed"":""69:10"",""juzhali"":""567:576"",""murajah"":""An-Naba til Al-Infitar""},""FRIDAY_15"":{""juz1"":"""",""juz2"":"""",""juz3"":"""",""juz4"":"""",""star"":"""",""jadeed"":""67:30"",""juzhali"":""564:572"",""murajah"":""Al-Bayyinah til Al-Ma'un""},""MONDAY_11"":{""juz1"":"""",""juz2"":"""",""juz3"":"""",""juz4"":"""",""star"":"""",""jadeed"":""68:52"",""juzhali"":""568:575"",""murajah"":""Al-Mursalat til Al-Muzzammil""},""MONDAY_18"":{""jadeed"":""67:30"",""juzhali"":""564:573"",""murajah"":""Nuh til Al-Mulk""},""SUNDAY_10"":{""juz1"":"""",""juz2"":"""",""juz3"":"""",""juz4"":"""",""star"":"""",""jadeed"":""68:50"",""juzhali"":""566:572"",""murajah"":""Al-Kawthar til An-Nas""},""SUNDAY_17"":{""juz1"":"""",""juz2"":"""",""juz3"":"""",""juz4"":"""",""star"":"""",""jadeed"":""67:30"",""juzhali"":""564:573"",""murajah"":""Al-Mursalat til Al-Jinn""},""WEDNESDAY"":{""juz1"":"""",""juz2"":"""",""juz3"":"""",""juz4"":"""",""star"":"""",""jadeed"":"""",""juzhali"":"""",""murajah"":""""},""SATURDAY_9"":{""juz1"":"""",""juz2"":"""",""juz3"":"""",""juz4"":"""",""star"":"""",""jadeed"":""68:40"",""juzhali"":""566:572"",""murajah"":""Al-Bayyinah til Al-Ma'un""},""THURSDAY_7"":{""juz1"":"""",""juz2"":"""",""juz3"":"""",""juz4"":"""",""star"":"""",""jadeed"":""68:20"",""juzhali"":""565:573"",""murajah"":""Al-Mutaffifin til Al-Fajr""},""TUESDAY_12"":{""juz1"":"""",""juz2"":"""",""juz3"":"""",""juz4"":"""",""star"":"""",""jadeed"":""67:10"",""juzhali"":""563:570"",""murajah"":""Al-Muzzammil til Al-Ma'arij""},""TUESDAY_19"":{""jadeed"":""67:30"",""juzhali"":""564:573""},""SATURDAY_16"":{""juz1"":"""",""juz2"":"""",""juz3"":"""",""juz4"":"""",""star"":"""",""jadeed"":""67:30"",""juzhali"":""568:574"",""murajah"":""Al-Kawthar til An-Nas""},""THURSDAY_14"":{""juz1"":"""",""juz2"":"""",""juz3"":"""",""juz4"":"""",""star"":"""",""jadeed"":""67:20"",""juzhali"":""564:571"",""murajah"":""Al-Balad til Al-Qadr""},""WEDNESDAY_6"":{""juz1"":"""",""juz2"":"""",""juz3"":"""",""juz4"":"""",""star"":"""",""jadeed"":""68:10"",""juzhali"":""567:573"",""murajah"":""An-Naba til Al-Infitar""},""WEDNESDAY_13"":{""juz1"":"""",""juz2"":"""",""juz3"":"""",""juz4"":"""",""star"":"""",""jadeed"":""67:20"",""juzhali"":""564:572"",""murajah"":""Al-Mutaffifin til Al-Fajr""}}",2026-06-06 13:42:07.124+00
1829,7df8c8ef-c6cb-471e-98dc-a1b39ea1327f,"{""_mode"":""juz-wise"",""FRIDAY"":{""juz1"":""2"",""juz2"":"""",""juz3"":"""",""juz4"":"""",""star"":"""",""jadeed"":""4:152"",""juzhali"":""96:100"",""murajah"":""""},""MONDAY"":{""juz1"":""5"",""juz2"":"""",""juz3"":"""",""juz4"":"""",""star"":"""",""jadeed"":""4:158"",""juzhali"":""97:101"",""murajah"":""""},""SUNDAY"":{""juz1"":""4"",""juz2"":"""",""juz3"":"""",""juz4"":"""",""star"":"""",""jadeed"":""4:156"",""juzhali"":""97:101"",""murajah"":""""},""TUESDAY"":{""juz1"":""30"",""juz2"":"""",""juz3"":"""",""juz4"":"""",""star"":"""",""jadeed"":""4:160"",""juzhali"":""98:102"",""murajah"":""""},""FRIDAY_8"":{""juz1"":""3"",""juz2"":"""",""juz3"":"""",""juz4"":"""",""star"":"""",""jadeed"":""4:166"",""juzhali"":""99:103"",""murajah"":""""},""SATURDAY"":{""juz1"":""3"",""juz2"":"""",""juz3"":"""",""juz4"":"""",""star"":"""",""jadeed"":""4:154"",""juzhali"":""97:101"",""murajah"":""""},""THURSDAY"":{""juz1"":""1"",""juz2"":"""",""juz3"":"""",""juz4"":"""",""star"":"""",""jadeed"":"""",""juzhali"":""96:100"",""murajah"":""""},""FRIDAY_15"":{""juz1"":""4"",""juz2"":"""",""juz3"":"""",""juz4"":"""",""star"":"""",""jadeed"":""5:2"",""juzhali"":""101:105"",""murajah"":""""},""MONDAY_11"":{""juz1"":""30"",""juz2"":"""",""juz3"":"""",""juz4"":"""",""star"":"""",""jadeed"":""4:172"",""juzhali"":""100:104"",""murajah"":""""},""MONDAY_18"":{""juz1"":""1"",""juz2"":"""",""juz3"":"""",""juz4"":"""",""star"":"""",""jadeed"":""5:5"",""juzhali"":""101:105"",""murajah"":""""},""SUNDAY_10"":{""juz1"":""5"",""juz2"":"""",""juz3"":"""",""juz4"":"""",""star"":"""",""jadeed"":""4:170"",""juzhali"":""99:103"",""murajah"":""""},""SUNDAY_17"":{""juz1"":""30"",""juz2"":"""",""juz3"":"""",""juz4"":"""",""star"":"""",""jadeed"":""5:4"",""juzhali"":""101:105"",""murajah"":""""},""WEDNESDAY"":{""juz1"":"""",""juz2"":"""",""juz3"":"""",""juz4"":"""",""star"":"""",""jadeed"":"""",""juzhali"":"""",""murajah"":""""},""SATURDAY_9"":{""juz1"":""4"",""juz2"":"""",""juz3"":"""",""juz4"":"""",""star"":"""",""jadeed"":""4:168"",""juzhali"":""99:103"",""murajah"":""""},""THURSDAY_7"":{""juz1"":""2"",""juz2"":"""",""juz3"":"""",""juz4"":"""",""star"":"""",""jadeed"":""4:164"",""juzhali"":""98:102"",""murajah"":""""},""TUESDAY_12"":{""juz1"":""1"",""juz2"":"""",""juz3"":"""",""juz4"":"""",""star"":"""",""jadeed"":""4:174"",""juzhali"":""100:104"",""murajah"":""""},""TUESDAY_19"":{""juz1"":""2"",""juz2"":"""",""juz3"":"""",""juz4"":"""",""star"":"""",""jadeed"":""5:6"",""juzhali"":""101:105"",""murajah"":""""},""SATURDAY_16"":{""juz1"":""5"",""juz2"":"""",""juz3"":"""",""juz4"":"""",""star"":"""",""jadeed"":""5:3"",""juzhali"":""101:105"",""murajah"":""""},""THURSDAY_14"":{""juz1"":""3"",""juz2"":"""",""juz3"":"""",""juz4"":"""",""star"":"""",""jadeed"":""5:1"",""juzhali"":""101:105"",""murajah"":""""},""WEDNESDAY_6"":{""juz1"":""1"",""juz2"":"""",""juz3"":"""",""juz4"":"""",""star"":"""",""jadeed"":""4:162"",""juzhali"":""98:102"",""murajah"":""""},""WEDNESDAY_13"":{""juz1"":""2"",""juz2"":"""",""juz3"":"""",""juz4"":"""",""star"":"""",""jadeed"":""4:176"",""juzhali"":""100:104"",""murajah"":""""}}",2026-06-10 05:56:33.666+00
1835,ae88476d-2662-436d-af28-cb5600d9dc1a,"{""_mode"":""surah-wise"",""FRIDAY"":{""juz1"":"""",""juz2"":"""",""juz3"":"""",""juz4"":"""",""star"":"""",""jadeed"":""71:12"",""juzhali"":""572:580"",""murajah"":""Al-Buruj til Al-Fajr""},""MONDAY"":{""juz1"":"""",""juz2"":"""",""juz3"":"""",""juz4"":"""",""star"":"""",""jadeed"":""71:28"",""juzhali"":""572:581"",""murajah"":""Al-Muzzammil til Al-Mursalat""},""SUNDAY"":{""juz1"":"""",""juz2"":"""",""juz3"":"""",""juz4"":"""",""star"":"""",""jadeed"":""71:24"",""juzhali"":""572:581"",""murajah"":""Al-Fatiha til Az-Zalzalah""},""TUESDAY"":{""juz1"":"""",""juz2"":"""",""juz3"":"""",""juz4"":"""",""star"":"""",""jadeed"":""70:6"",""juzhali"":""570:578"",""murajah"":""An-Naba til Al-Inshiqaq""},""FRIDAY_8"":{""juz1"":"""",""juz2"":"""",""juz3"":"""",""juz4"":"""",""star"":"""",""jadeed"":""71:18"",""juzhali"":""572:581"",""murajah"":""Al-Balad til Al-Bayyinah""},""SATURDAY"":{""juz1"":"""",""juz2"":"""",""juz3"":"""",""juz4"":"""",""star"":"""",""jadeed"":""71:18"",""juzhali"":""572:581"",""murajah"":""Al-Balad til Al-Bayyinah""},""THURSDAY"":{""juz1"":"""",""juz2"":"""",""juz3"":"""",""juz4"":"""",""star"":"""",""jadeed"":""71:6"",""juzhali"":""572:580"",""murajah"":""An-Naba til Al-Inshiqaq""},""FRIDAY_15"":{""juz1"":"""",""juz2"":"""",""juz3"":"""",""juz4"":"""",""star"":"""",""jadeed"":""70:36"",""juzhali"":""572:579"",""murajah"":""Al-Jinn til Al-Mursalat""},""MONDAY_11"":{""juz1"":"""",""juz2"":"""",""juz3"":"""",""juz4"":"""",""star"":"""",""jadeed"":""70:6"",""juzhali"":""570:578"",""murajah"":""An-Naba til Al-Inshiqaq""},""MONDAY_18"":{""jadeed"":""69:6"",""juzhali"":""568:576"",""murajah"":""Al-Balad til Al-Bayyinah""},""SUNDAY_10"":{""juz1"":"""",""juz2"":"""",""juz3"":"""",""juz4"":"""",""star"":"""",""jadeed"":""71:28"",""juzhali"":""572:581"",""murajah"":""Al-Muzzammil til Al-Mursalat""},""SUNDAY_17"":{""juz1"":"""",""juz2"":"""",""juz3"":"""",""juz4"":"""",""star"":"""",""jadeed"":""70:44"",""juzhali"":""570:579"",""murajah"":""Al-Buruj til Al-Fajr""},""WEDNESDAY"":{""juz1"":"""",""juz2"":"""",""juz3"":"""",""juz4"":"""",""star"":"""",""jadeed"":"""",""juzhali"":"""",""murajah"":""""},""SATURDAY_9"":{""juz1"":"""",""juz2"":"""",""juz3"":"""",""juz4"":"""",""star"":"""",""jadeed"":""71:24"",""juzhali"":""572:581"",""murajah"":""Al-Fatiha til Az-Zalzalah""},""THURSDAY_7"":{""juz1"":"""",""juz2"":"""",""juz3"":"""",""juz4"":"""",""star"":"""",""jadeed"":""71:12"",""juzhali"":""572:580"",""murajah"":""Al-Buruj til Al-Fajr""},""TUESDAY_12"":{""juz1"":"""",""juz2"":"""",""juz3"":"""",""juz4"":"""",""star"":"""",""jadeed"":""70:12"",""juzhali"":""572:578"",""murajah"":""Al-Buruj til Al-Fajr""},""TUESDAY_19"":{""jadeed"":""69:12"",""juzhali"":""568:576"",""murajah"":""Az-Zalzalah til Al-Fatiha""},""SATURDAY_16"":{""juz1"":"""",""juz2"":"""",""juz3"":"""",""juz4"":"""",""star"":"""",""jadeed"":""70:36"",""juzhali"":""570:579"",""murajah"":""An-Naba til Al-Fajr""},""THURSDAY_14"":{""juz1"":"""",""juz2"":"""",""juz3"":"""",""juz4"":"""",""star"":"""",""jadeed"":""70:24"",""juzhali"":""572:579"",""murajah"":""Az-Zalzalah til Al-Fatiha""},""WEDNESDAY_6"":{""juz1"":"""",""juz2"":"""",""juz3"":"""",""juz4"":"""",""star"":"""",""jadeed"":""71:6"",""juzhali"":""572:580"",""murajah"":""An-Naba til Al-Inshiqaq""},""WEDNESDAY_13"":{""juz1"":"""",""juz2"":"""",""juz3"":"""",""juz4"":"""",""star"":"""",""jadeed"":""70:18"",""juzhali"":""572:578"",""murajah"":""Al-Balad til Al-Bayyinah""}}",2026-06-08 06:09:53.711+00
2038,a1cb1b17-d8a2-4cf0-9bab-bb73c92977df,"{""_mode"":""juz-wise"",""FRIDAY"":{""juz1"":""29"",""juz2"":"""",""juz3"":"""",""juz4"":"""",""star"":"""",""jadeed"":""51:42"",""juzhali"":""525:526"",""murajah"":""""},""MONDAY"":{""juz1"":""30"",""juz2"":"""",""juz3"":"""",""juz4"":"""",""star"":"""",""jadeed"":""51:45"",""juzhali"":""523:526"",""murajah"":""""},""SUNDAY"":{""juz1"":""27"",""juz2"":"""",""juz3"":"""",""juz4"":"""",""star"":"""",""jadeed"":""51:44"",""juzhali"":""530:531"",""murajah"":""""},""TUESDAY"":{""juz1"":""29"",""juz2"":"""",""juz3"":"""",""juz4"":"""",""star"":"""",""jadeed"":""51:46"",""juzhali"":""527:529"",""murajah"":""""},""FRIDAY_8"":{""juz1"":""28"",""juz2"":"""",""juz3"":"""",""juz4"":"""",""star"":"""",""jadeed"":""51:49"",""juzhali"":""523:532"",""murajah"":""""},""SATURDAY"":{""juz1"":""28"",""juz2"":"""",""juz3"":"""",""juz4"":"""",""star"":"""",""jadeed"":""51:43"",""juzhali"":""527:528"",""murajah"":""""},""THURSDAY"":{""juz1"":""30"",""juz2"":"""",""juz3"":"""",""juz4"":"""",""star"":"""",""jadeed"":""51:41"",""juzhali"":""523:524"",""murajah"":""""},""FRIDAY_15"":{""juz1"":""29"",""jadeed"":""51:56"",""juzhali"":""523:532""},""MONDAY_11"":{""juz1"":""29"",""juz2"":"""",""juz3"":"""",""juz4"":"""",""star"":"""",""jadeed"":""51:52"",""juzhali"":""526:532"",""murajah"":""""},""MONDAY_18"":{""juz1"":""27"",""jadeed"":""51:60"",""juzhali"":""523:532""},""SUNDAY_10"":{""juz1"":""30"",""juz2"":"""",""juz3"":"""",""juz4"":"""",""star"":"""",""jadeed"":""51:51"",""juzhali"":""526:532"",""murajah"":""""},""SUNDAY_17"":{""juz1"":""27"",""jadeed"":""51:58"",""juzhali"":""523:532""},""WEDNESDAY"":{""juz1"":"""",""juz2"":"""",""juz3"":"""",""juz4"":"""",""star"":"""",""jadeed"":"""",""juzhali"":"""",""murajah"":""""},""SATURDAY_9"":{""juz1"":""27"",""juz2"":"""",""juz3"":"""",""juz4"":"""",""star"":"""",""jadeed"":""51:50"",""juzhali"":""523:532"",""murajah"":""""},""THURSDAY_7"":{""juz1"":""29"",""juz2"":"""",""juz3"":"""",""juz4"":"""",""star"":"""",""jadeed"":""51:48"",""juzhali"":""524:530"",""murajah"":""""},""TUESDAY_12"":{""juz1"":""28"",""jadeed"":""51:53"",""juzhali"":""528:532""},""TUESDAY_19"":{""juz1"":""28"",""jadeed"":""51:60""},""SATURDAY_16"":{""juz1"":""30"",""jadeed"":""51:57"",""juzhali"":""523:532""},""THURSDAY_14"":{""juz1"":""28"",""jadeed"":""51:55"",""juzhali"":""NO""},""WEDNESDAY_6"":{""juz1"":""28"",""juz2"":"""",""juz3"":"""",""juz4"":"""",""star"":"""",""jadeed"":""51:47"",""juzhali"":""530:532"",""murajah"":""""},""WEDNESDAY_13"":{""juz1"":""27"",""jadeed"":""51:54"",""juzhali"":""NO""}}",2026-06-08 08:33:25.653+00
2389,070d6330-cb79-40d6-a97d-81bace2defb9,"{""_mode"":""surah-wise"",""FRIDAY"":{""juz1"":"""",""juz2"":"""",""juz3"":"""",""juz4"":"""",""star"":"""",""jadeed"":""66:5"",""juzhali"":""562:566"",""murajah"":""Al-Qadr til Al-Balad""},""MONDAY"":{""juz1"":"""",""juz2"":"""",""juz3"":"""",""juz4"":"""",""star"":"""",""jadeed"":""66:8"",""juzhali"":""562:566"",""murajah"":""Al-Mursalat til Al-Insan""},""SUNDAY"":{""juz1"":"""",""juz2"":"""",""juz3"":"""",""juz4"":"""",""star"":"""",""jadeed"":""66:7"",""juzhali"":""562:566"",""murajah"":""Al-Mutaffifin til An-Naba""},""TUESDAY"":{""juz1"":"""",""juz2"":"""",""juz3"":"""",""juz4"":"""",""star"":"""",""jadeed"":""66:9"",""juzhali"":""562:566"",""murajah"":""Al-Qiyamah til Al-Muddaththir""},""FRIDAY_8"":{""juz1"":"""",""juz2"":"""",""juz3"":"""",""juz4"":"""",""star"":"""",""jadeed"":""66:12"",""juzhali"":""562:566"",""murajah"":""An-Nas til Al-Bayyinah""},""SATURDAY"":{""juz1"":"""",""juz2"":"""",""juz3"":"""",""juz4"":"""",""star"":"""",""jadeed"":""66:6"",""juzhali"":""562:566"",""murajah"":""Al-Fajr til Al-Inshiqaq""},""THURSDAY"":{""juz1"":"""",""juz2"":"""",""juz3"":"""",""juz4"":"""",""star"":"""",""jadeed"":""66:4"",""juzhali"":""562:566"",""murajah"":""An-Nas til Al-Bayyinah""},""FRIDAY_15"":{""juz1"":"""",""juz2"":"""",""juz3"":"""",""juz4"":"""",""star"":"""",""jadeed"":""65:7"",""juzhali"":""560:564"",""murajah"":""Nuh til Al-Ma'arij""},""MONDAY_11"":{""juz1"":"""",""juz2"":"""",""juz3"":"""",""juz4"":"""",""star"":"""",""jadeed"":""65:3"",""juzhali"":""560:564"",""murajah"":""Al-Mutaffifin til An-Naba""},""MONDAY_18"":{""jadeed"":""65:10"",""juzhali"":""560:564"",""murajah"":""Al-Balad til Al-Qadr""},""SUNDAY_10"":{""juz1"":"""",""juz2"":"""",""juz3"":"""",""juz4"":"""",""star"":"""",""jadeed"":""65:2"",""juzhali"":""560:564"",""murajah"":""Al-Fajr til Al-Inshiqaq""},""SUNDAY_17"":{""juz1"":"""",""juz2"":"""",""juz3"":"""",""juz4"":"""",""star"":"""",""jadeed"":""65:9"",""juzhali"":""560:564"",""murajah"":""An-Nas til Al-Bayyinah""},""WEDNESDAY"":{""juz1"":"""",""juz2"":"""",""juz3"":"""",""juz4"":"""",""star"":"""",""jadeed"":"""",""juzhali"":"""",""murajah"":""""},""SATURDAY_9"":{""juz1"":"""",""juz2"":"""",""juz3"":"""",""juz4"":"""",""star"":"""",""jadeed"":""65:1"",""juzhali"":""560:564"",""murajah"":""Al-Qadr til Al-Balad""},""THURSDAY_7"":{""juz1"":"""",""juz2"":"""",""juz3"":"""",""juz4"":"""",""star"":"""",""jadeed"":""66:11"",""juzhali"":""562:566"",""murajah"":""Nuh til Al-Haqqah""},""TUESDAY_12"":{""juz1"":"""",""juz2"":"""",""juz3"":"""",""juz4"":"""",""star"":"""",""jadeed"":""65:4"",""juzhali"":""560:564"",""murajah"":""Al-Mursalat til Al-Insan""},""TUESDAY_19"":{""jadeed"":""65:11"",""juzhali"":""560:564"",""murajah"":""Al-Fajr til Al-Inshiqaq""},""SATURDAY_16"":{""juz1"":"""",""juz2"":"""",""juz3"":"""",""juz4"":"""",""star"":"""",""jadeed"":""65:8"",""juzhali"":""560:564"",""murajah"":""Al-Haqqah til Al-Qalam""},""THURSDAY_14"":{""juz1"":"""",""juz2"":"""",""juz3"":"""",""juz4"":"""",""star"":"""",""jadeed"":""65:6"",""juzhali"":""560:564"",""murajah"":""Al-Jinn til Al-Muzzammil""},""WEDNESDAY_6"":{""juz1"":"""",""juz2"":"""",""juz3"":"""",""juz4"":"""",""star"":"""",""jadeed"":""66:10"",""juzhali"":""562:566"",""murajah"":""Al-Muzzammil til Al-Jinn""},""WEDNESDAY_13"":{""juz1"":"""",""juz2"":"""",""juz3"":"""",""juz4"":"""",""star"":"""",""jadeed"":""65:5"",""juzhali"":""560:564"",""murajah"":""Al-Qiyamah til Al-Muddaththir""}}",2026-06-07 05:26:42.806+00
2809,36dd4f6e-8a1c-4ec2-99c5-6b5b2dc5f394,"{""_mode"":""surah-wise"",""FRIDAY"":{""juz1"":"""",""juz2"":"""",""juz3"":"""",""juz4"":"""",""star"":"""",""jadeed"":""83:30"",""juzhali"":""595:598"",""murajah"":""At-Takathur til Al-Qadr""},""MONDAY"":{""juz1"":"""",""juz2"":"""",""juz3"":"""",""juz4"":"""",""star"":"""",""jadeed"":""82:5"",""juzhali"":""595:597"",""murajah"":""Al-Inshiqaq til Al-Mutaffifin""},""SUNDAY"":{""juz1"":"""",""juz2"":"""",""juz3"":"""",""juz4"":"""",""star"":"""",""jadeed"":""83:36"",""juzhali"":""596:598"",""murajah"":""Al-Fajr til Al-Buruj""},""TUESDAY"":{""juz1"":"""",""juz2"":"""",""juz3"":"""",""juz4"":"""",""star"":"""",""jadeed"":""82:8"",""juzhali"":""596:597"",""murajah"":""An-Nas til Al-Qadr""},""FRIDAY_8"":{""juz1"":"""",""juz2"":"""",""juz3"":"""",""juz4"":"""",""star"":"""",""jadeed"":""83:36"",""juzhali"":""597:598"",""murajah"":""Al-Alaq til Al-Balad""},""SATURDAY"":{""juz1"":"""",""juz2"":"""",""juz3"":"""",""juz4"":"""",""star"":"""",""jadeed"":""83:36"",""juzhali"":""597:598"",""murajah"":""Al-Alaq til Al-Balad""},""THURSDAY"":{""juz1"":"""",""juz2"":"""",""juz3"":"""",""juz4"":"""",""star"":"""",""jadeed"":""83:25"",""juzhali"":""596:598"",""murajah"":""An-Nas til Al-Asr""},""MONDAY_11"":{""juz1"":"""",""juz2"":"""",""juz3"":"""",""juz4"":"""",""star"":"""",""jadeed"":""82:8"",""juzhali"":""596:597"",""murajah"":""An-Nas til Al-Qadr""},""SUNDAY_10"":{""juz1"":"""",""juz2"":"""",""juz3"":"""",""juz4"":"""",""star"":"""",""jadeed"":""82:5"",""juzhali"":""595:597"",""murajah"":""Al-Inshiqaq til Al-Mutaffifin""},""WEDNESDAY"":{""juz1"":"""",""juz2"":"""",""juz3"":"""",""juz4"":"""",""star"":"""",""jadeed"":"""",""juzhali"":"""",""murajah"":""""},""SATURDAY_9"":{""juz1"":"""",""juz2"":"""",""juz3"":"""",""juz4"":"""",""star"":"""",""jadeed"":""83:36"",""juzhali"":""596:598"",""murajah"":""Al-Fajr til Al-Buruj""},""THURSDAY_7"":{""juz1"":"""",""juz2"":"""",""juz3"":"""",""juz4"":"""",""star"":"""",""jadeed"":""83:30"",""juzhali"":""595:598"",""murajah"":""At-Takathur til Al-Qadr""},""WEDNESDAY_6"":{""juz1"":"""",""juz2"":"""",""juz3"":"""",""juz4"":"""",""star"":"""",""jadeed"":""83:25"",""juzhali"":""596:598"",""murajah"":""An-Nas til Al-Asr""}}",2026-06-08 05:02:26.542+00
2824,cfd7fb59-e915-4e53-b3da-f32846e27d6f,"{""_mode"":""surah-wise"",""FRIDAY"":{""juz1"":"""",""juz2"":"""",""juz3"":"""",""juz4"":"""",""star"":"""",""jadeed"":""66:7"",""juzhali"":""561:566"",""murajah"":""Al-Inshiqaq til Al-Fajr""},""MONDAY"":{""juz1"":"""",""juz2"":"""",""juz3"":"""",""juz4"":"""",""star"":"""",""jadeed"":""66:10"",""juzhali"":""562:567"",""murajah"":""Al-Haqqah til Al-Ma'arij""},""SUNDAY"":{""juz1"":"""",""juz2"":"""",""juz3"":"""",""juz4"":"""",""star"":"""",""jadeed"":""66:9"",""juzhali"":""562:567"",""murajah"":""Az-Zalzalah til An-Nas""},""TUESDAY"":{""juz1"":"""",""juz2"":"""",""juz3"":"""",""juz4"":"""",""star"":"""",""jadeed"":""66:11"",""juzhali"":""562:567"",""murajah"":""Nuh til Al-Jinn""},""FRIDAY_8"":{""jadeed"":""65:2"",""juzhali"":""560:565"",""murajah"":""An-Naba til Al-Mutaffifin""},""SATURDAY"":{""juz1"":"""",""juz2"":"""",""juz3"":"""",""juz4"":"""",""star"":"""",""jadeed"":""66:8"",""juzhali"":""561:566"",""murajah"":""Al-Balad til Al-Bayyinah""},""THURSDAY"":{""juz1"":"""",""juz2"":"""",""juz3"":"""",""juz4"":"""",""star"":"""",""jadeed"":""66:5"",""juzhali"":""561:565"",""murajah"":""An-Naba til Al-Mutaffifin""},""FRIDAY_15"":{""jadeed"":""65:9"",""juzhali"":""559:563"",""murajah"":""Al-Muddaththir til Al-Qiyamah""},""MONDAY_11"":{""jadeed"":""65:5"",""juzhali"":""560:565"",""murajah"":""Az-Zalzalah til An-Nas""},""MONDAY_18"":{""jadeed"":""65:12"",""juzhali"":""559:563"",""murajah"":""Al-Inshiqaq til Al-Fajr""},""SUNDAY_10"":{""jadeed"":""65:4"",""juzhali"":""560:565"",""murajah"":""Al-Balad til Al-Bayyinah""},""SUNDAY_17"":{""jadeed"":""65:11"",""juzhali"":""559:563"",""murajah"":""An-Naba til Al-Mutaffifin""},""WEDNESDAY"":{""juz1"":"""",""juz2"":"""",""juz3"":"""",""juz4"":"""",""star"":"""",""jadeed"":"""",""juzhali"":"""",""murajah"":""""},""SATURDAY_9"":{""jadeed"":""65:3"",""juzhali"":""560:565"",""murajah"":""Al-Inshiqaq til Al-Fajr""},""THURSDAY_7"":{""jadeed"":""65:1"",""juzhali"":""560:565"",""murajah"":""Al-Qiyamah til Al-Mursalat""},""TUESDAY_12"":{""jadeed"":""65:6"",""juzhali"":""559:564"",""murajah"":""Al-Qalam til Al-Haqqah""},""TUESDAY_19"":{""jadeed"":""64:2"",""juzhali"":""558:562"",""murajah"":""Al-Balad til Al-Bayyinah""},""SATURDAY_16"":{""jadeed"":""65:10"",""juzhali"":""559:563"",""murajah"":""Al-Insan til Al-Mursalat""},""THURSDAY_14"":{""jadeed"":""65:8"",""juzhali"":""559:563"",""murajah"":""Al-Jinn til Al-Muzzammil""},""WEDNESDAY_6"":{""jadeed"":""66:12"",""juzhali"":""562:567"",""murajah"":""Al-Muzzammil til Al-Muddaththir""},""WEDNESDAY_13"":{""jadeed"":""65:7"",""juzhali"":""559:563"",""murajah"":""Al-Ma'arij til Nuh""}}",2026-06-08 05:46:56.969+00
2995,fa28fa15-f268-465b-a872-1159426d72a3,"{""_mode"":""surah-wise"",""FRIDAY"":{""juz1"":"""",""juz2"":"""",""juz3"":"""",""juz4"":"""",""star"":"""",""jadeed"":""65:7"",""juzhali"":""561:565"",""murajah"":""Al-Inshiqaq til Al-Fajr""},""MONDAY"":{""juz1"":"""",""juz2"":"""",""juz3"":"""",""juz4"":"""",""star"":"""",""jadeed"":""65:10"",""juzhali"":""559:563"",""murajah"":""Al-Qalam til Al-Haqqah""},""SUNDAY"":{""juz1"":"""",""juz2"":"""",""juz3"":"""",""juz4"":"""",""star"":"""",""jadeed"":""65:9"",""juzhali"":""561:565"",""murajah"":""Az-Zalzalah til An-Nas""},""TUESDAY"":{""juz1"":"""",""juz2"":"""",""juz3"":"""",""juz4"":"""",""star"":"""",""jadeed"":""65:11"",""juzhali"":""559:563"",""murajah"":""Al-Ma'arij til Nuh""},""FRIDAY_8"":{""jadeed"":""64:6"",""juzhali"":""559:563"",""murajah"":""Al-Insan til Al-Mursalat""},""SATURDAY"":{""juz1"":"""",""juz2"":"""",""juz3"":"""",""juz4"":"""",""star"":"""",""jadeed"":""65:8"",""juzhali"":""561:565"",""murajah"":""Al-Balad til Al-Bayyinah""},""THURSDAY"":{""juz1"":""30"",""juz2"":"""",""juz3"":"""",""juz4"":"""",""star"":"""",""jadeed"":""65:6"",""juzhali"":""561:565"",""murajah"":""An-Naba til Al-Mutaffifin""},""FRIDAY_15"":{""jadeed"":""63:3"",""juzhali"":""556:560"",""murajah"":""Nuh til Al-Jinn""},""MONDAY_11"":{""jadeed"":""64:12"",""juzhali"":""559:563"",""murajah"":""Al-Balad til Al-Bayyinah""},""MONDAY_18"":{""jadeed"":""63:11"",""juzhali"":""556:560"",""murajah"":""An-Naba til Al-Mutaffifin""},""SUNDAY_10"":{""jadeed"":""64:10"",""juzhali"":""559:563"",""murajah"":""Al-Inshiqaq til Al-Fajr""},""SUNDAY_17"":{""jadeed"":""63:8"",""juzhali"":""556:560"",""murajah"":""Al-Qiyamah til Al-Mursalat""},""WEDNESDAY"":{""juz1"":"""",""juz2"":"""",""juz3"":"""",""juz4"":"""",""star"":"""",""jadeed"":"""",""juzhali"":"""",""murajah"":""""},""SATURDAY_9"":{""jadeed"":""64:8"",""juzhali"":""559:563"",""murajah"":""An-Naba til Al-Mutaffifin""},""THURSDAY_7"":{""jadeed"":""64:3"",""juzhali"":""559:563"",""murajah"":""Al-Muddaththir til Al-Qiyamah""},""TUESDAY_12"":{""jadeed"":""64:14"",""juzhali"":""558:562"",""murajah"":""Az-Zalzalah til An-Nas""},""TUESDAY_19"":{""jadeed"":""62:3"",""juzhali"":""554:558"",""murajah"":""Al-Inshiqaq til Al-Fajr""},""SATURDAY_16"":{""jadeed"":""63:6"",""juzhali"":""556:560"",""murajah"":""Al-Muzzammil til Al-Muddaththir""},""THURSDAY_14"":{""jadeed"":""64:18"",""juzhali"":""558:561"",""murajah"":""Al-Haqqah til Al-Ma'arij""},""WEDNESDAY_6"":{""jadeed"":""65:12"",""juzhali"":""559:563"",""murajah"":""Al-Jinn til Al-Muzzammil""},""WEDNESDAY_13"":{""jadeed"":""64:16"",""juzhali"":""559:562"",""murajah"":""Al-Mulk til Al-Qalam""}}",2026-06-08 06:20:47.825+00
3172,c62422b7-2f93-40ad-88b1-f4eda82d94cd,"{""_mode"":""juz-wise"",""FRIDAY"":{""juz1"":""2"",""juz2"":""7"",""juz3"":"""",""juz4"":"""",""star"":"""",""jadeed"":""12:14"",""juzhali"":""226:235"",""murajah"":""""},""MONDAY"":{""juz1"":""5"",""juz2"":""10"",""juz3"":"""",""juz4"":"""",""star"":"""",""jadeed"":""12:37"",""juzhali"":""229:238"",""murajah"":""""},""SUNDAY"":{""juz1"":""4"",""juz2"":""9"",""juz3"":"""",""juz4"":"""",""star"":"""",""jadeed"":""12:30"",""juzhali"":""228:237"",""murajah"":""""},""TUESDAY"":{""juz1"":""30"",""juz2"":""11"",""juz3"":"""",""juz4"":"""",""star"":"""",""jadeed"":""12:43"",""juzhali"":""230:239"",""murajah"":""""},""FRIDAY_8"":{""juz1"":""3"",""juz2"":""8"",""juz3"":"""",""juz4"":"""",""star"":"""",""jadeed"":""12:69"",""juzhali"":""233:242"",""murajah"":""""},""SATURDAY"":{""juz1"":""3"",""juz2"":""8"",""juz3"":"""",""juz4"":"""",""star"":"""",""jadeed"":""12:22"",""juzhali"":""227:236"",""murajah"":""""},""THURSDAY"":{""juz1"":""1"",""juz2"":""6"",""juz3"":"""",""juz4"":"""",""star"":"""",""jadeed"":""12:4"",""juzhali"":""225:234"",""murajah"":""""},""FRIDAY_15"":{""juz1"":""4"",""juz2"":""9"",""juz3"":"""",""juz4"":"""",""star"":"""",""jadeed"":""13:13"",""juzhali"":""240:249"",""murajah"":""""},""MONDAY_11"":{""juz1"":""30"",""juz2"":""11"",""juz3"":"""",""juz4"":"""",""star"":"""",""jadeed"":""12:95"",""juzhali"":""236:245"",""murajah"":""""},""MONDAY_18"":{""juz1"":""1"",""juz2"":""3"",""juz3"":""7"",""juz4"":""10"",""star"":"""",""jadeed"":""13:34"",""juzhali"":""243:252"",""murajah"":""""},""SUNDAY_10"":{""juz1"":""5"",""juz2"":""10"",""juz3"":""12"",""juz4"":"""",""star"":"""",""jadeed"":""12:86"",""juzhali"":""235:244"",""murajah"":""""},""SUNDAY_17"":{""juz1"":""30"",""juz2"":""11"",""juz3"":"""",""juz4"":"""",""star"":"""",""jadeed"":""13:28"",""juzhali"":""242:251"",""murajah"":""""},""WEDNESDAY"":{""juz1"":"""",""juz2"":"""",""juz3"":"""",""juz4"":"""",""star"":"""",""jadeed"":"""",""juzhali"":"""",""murajah"":""""},""SATURDAY_9"":{""juz1"":""4"",""juz2"":""9"",""juz3"":"""",""juz4"":"""",""star"":"""",""jadeed"":""12:78"",""juzhali"":""234:243"",""murajah"":""""},""THURSDAY_7"":{""juz1"":""2"",""juz2"":""7"",""juz3"":"""",""juz4"":"""",""star"":"""",""jadeed"":""12:63"",""juzhali"":""232:241"",""murajah"":""""},""TUESDAY_12"":{""juz1"":""1"",""juz2"":""6"",""juz3"":"""",""juz4"":"""",""star"":"""",""jadeed"":""12:103"",""juzhali"":""237:246"",""murajah"":""""},""TUESDAY_19"":{""juz1"":""2"",""juz2"":""4"",""juz3"":""8"",""juz4"":""12"",""star"":"""",""jadeed"":""13:43"",""juzhali"":""244:253"",""murajah"":""""},""SATURDAY_16"":{""juz1"":""5"",""juz2"":""10"",""juz3"":""12"",""juz4"":"""",""star"":"""",""jadeed"":""13:18"",""juzhali"":""241:250"",""murajah"":""""},""THURSDAY_14"":{""juz1"":""3"",""juz2"":""8"",""juz3"":"""",""juz4"":"""",""star"":"""",""jadeed"":""13:5"",""juzhali"":""239:248"",""murajah"":""""},""WEDNESDAY_6"":{""juz1"":""1"",""juz2"":""6"",""juz3"":"""",""juz4"":"""",""star"":"""",""jadeed"":""12:52"",""juzhali"":""231:240"",""murajah"":""""},""WEDNESDAY_13"":{""juz1"":""2"",""juz2"":""7"",""juz3"":"""",""juz4"":"""",""star"":"""",""jadeed"":""12:111"",""juzhali"":""238:247"",""murajah"":""""}}",2026-06-08 06:23:02.914+00
3311,673b971a-4684-4fc2-a3d7-54abd83b8db1,"{""_mode"":""surah-wise"",""FRIDAY"":{""juz1"":"""",""juz2"":"""",""juz3"":"""",""juz4"":"""",""star"":"""",""jadeed"":""54:34"",""juzhali"":""531:535"",""murajah"":""As-Saff til At-Tahrim""},""MONDAY"":{""juz1"":"""",""juz2"":"""",""juz3"":"""",""juz4"":"""",""star"":"""",""jadeed"":""54:46"",""juzhali"":""536:540"",""murajah"":""An-Naba til Al-Fajr""},""SUNDAY"":{""juz1"":"""",""juz2"":"""",""juz3"":"""",""juz4"":"""",""star"":"""",""jadeed"":""54:42"",""juzhali"":""536:540"",""murajah"":""Al-Jinn til Al-Mursalat""},""TUESDAY"":{""juz1"":"""",""juz2"":"""",""juz3"":"""",""juz4"":"""",""star"":"""",""jadeed"":""54:50"",""juzhali"":""531:535"",""murajah"":""Al-Balad til An-Nas""},""FRIDAY_8"":{""jadeed"":""53:8"",""juzhali"":""527:530"",""murajah"":""Al-Jumu'ah til Al-Munafiqun""},""SATURDAY"":{""juz1"":"""",""juz2"":"""",""juz3"":"""",""juz4"":"""",""star"":"""",""jadeed"":""54:38"",""juzhali"":""536:540"",""murajah"":""Al-Mulk til Al-Jinn""},""THURSDAY"":{""juz1"":"""",""juz2"":"""",""juz3"":"""",""juz4"":"""",""star"":"""",""jadeed"":""54:30"",""juzhali"":""531:535"",""murajah"":""Al-Mujadilah til As-Saff""},""FRIDAY_15"":{""jadeed"":""53:32"",""juzhali"":""528:531"",""murajah"":""Al-Insan til Al-Mursalat""},""MONDAY_11"":{""jadeed"":""53:20"",""juzhali"":""527:530"",""murajah"":""Al-Mulk til Al-Haqqah""},""MONDAY_18"":{""jadeed"":""53:46"",""juzhali"":""528:531"",""murajah"":""Al-Balad til Al-Bayyinah""},""SUNDAY_10"":{""jadeed"":""53:16"",""juzhali"":""527:530"",""murajah"":""At-Tahrim til At-Tahrim""},""SUNDAY_17"":{""jadeed"":""53:40"",""juzhali"":""528:531"",""murajah"":""Al-Inshiqaq til Al-Fajr""},""WEDNESDAY"":{""juz1"":"""",""juz2"":"""",""juz3"":"""",""juz4"":"""",""star"":"""",""jadeed"":"""",""juzhali"":"""",""murajah"":""""},""SATURDAY_9"":{""jadeed"":""53:12"",""juzhali"":""527:530"",""murajah"":""At-Taghabun til At-Talaq""},""THURSDAY_7"":{""jadeed"":""53:4"",""juzhali"":""527:530"",""murajah"":""Al-Hashr til As-Saff""},""TUESDAY_12"":{""jadeed"":""53:24"",""juzhali"":""527:531"",""murajah"":""Al-Ma'arij til Nuh""},""TUESDAY_19"":{""jadeed"":""53:50"",""juzhali"":""528:531"",""murajah"":""Az-Zalzalah til An-Nas""},""SATURDAY_16"":{""jadeed"":""53:36"",""juzhali"":""528:531"",""murajah"":""An-Naba til Al-Mutaffifin""},""THURSDAY_14"":{""jadeed"":""53:28"",""juzhali"":""531:535"",""murajah"":""Al-Muddaththir til Al-Qiyamah""},""WEDNESDAY_6"":{""jadeed"":""54:55"",""juzhali"":""531:534"",""murajah"":""Al-Hadid til Al-Hashr""},""WEDNESDAY_13"":{""jadeed"":""53:26"",""juzhali"":""531:535"",""murajah"":""Al-Jinn til Al-Muzzammil""}}",2026-06-08 06:40:52.298+00
3344,13687291-5761-44ff-8c59-f46e6b03b8b9,"{""_mode"":""surah-wise"",""FRIDAY"":{""juz1"":"""",""juz2"":"""",""juz3"":"""",""juz4"":"""",""star"":"""",""jadeed"":""65:7"",""juzhali"":""560:568"",""murajah"":""Al-Bayyinah til Al-Balad""},""MONDAY"":{""juz1"":"""",""juz2"":"""",""juz3"":"""",""juz4"":"""",""star"":"""",""jadeed"":""64:2"",""juzhali"":""558:566"",""murajah"":""Al-Mulk til Nuh""},""SUNDAY"":{""juz1"":"""",""juz2"":"""",""juz3"":"""",""juz4"":"""",""star"":"""",""jadeed"":""65:12"",""juzhali"":""560:568"",""murajah"":""Al-Inshiqaq til An-Naba""},""TUESDAY"":{""juz1"":"""",""juz2"":"""",""juz3"":"""",""juz4"":"""",""star"":"""",""jadeed"":""64:4"",""juzhali"":""558:566"",""murajah"":""Al-Jinn til Al-Mursalat""},""FRIDAY_8"":{""juz1"":"""",""juz2"":"""",""juz3"":"""",""juz4"":"""",""star"":"""",""jadeed"":""64:10"",""juzhali"":""558:567"",""murajah"":""Al-Fajr til Al-Buruj""},""SATURDAY"":{""juz1"":"""",""juz2"":"""",""juz3"":"""",""juz4"":"""",""star"":"""",""jadeed"":""65:9"",""juzhali"":""560:568"",""murajah"":""Al-Fajr til Al-Buruj""},""THURSDAY"":{""juz1"":"""",""juz2"":"""",""juz3"":"""",""juz4"":"""",""star"":"""",""jadeed"":""65:5"",""juzhali"":"""",""murajah"":""Al-Fatiha til Az-Zalzalah""},""FRIDAY_15"":{""juz1"":"""",""juz2"":"""",""juz3"":"""",""juz4"":"""",""star"":"""",""jadeed"":""63:6"",""juzhali"":""556:564"",""murajah"":""Al-Inshiqaq til An-Naba""},""MONDAY_11"":{""juz1"":"""",""juz2"":"""",""juz3"":"""",""juz4"":"""",""star"":"""",""jadeed"":""64:16"",""juzhali"":""558:567"",""murajah"":""Al-Jinn til Al-Mursalat""},""MONDAY_18"":{""juz1"":"""",""juz2"":"""",""juz3"":"""",""juz4"":"""",""star"":"""",""jadeed"":""62:2"",""juzhali"":""554:563"",""murajah"":""Al-Fatiha til Az-Zalzalah""},""SUNDAY_10"":{""juz1"":"""",""juz2"":"""",""juz3"":"""",""juz4"":"""",""star"":"""",""jadeed"":""64:14"",""juzhali"":""558:567"",""murajah"":""Al-Mulk til Nuh""},""SUNDAY_17"":{""juz1"":"""",""juz2"":"""",""juz3"":"""",""juz4"":"""",""star"":"""",""jadeed"":""63:11"",""juzhali"":""556:565"",""murajah"":""Al-Jinn til Al-Mursalat""},""WEDNESDAY"":{""juz1"":"""",""juz2"":"""",""juz3"":"""",""juz4"":"""",""star"":"""",""jadeed"":"""",""juzhali"":"""",""murajah"":""""},""SATURDAY_9"":{""juz1"":"""",""juz2"":"""",""juz3"":"""",""juz4"":"""",""star"":"""",""jadeed"":""64:12"",""juzhali"":""558:567"",""murajah"":""Al-Inshiqaq til An-Naba""},""THURSDAY_7"":{""juz1"":"""",""juz2"":"""",""juz3"":"""",""juz4"":"""",""star"":"""",""jadeed"":""64:10"",""juzhali"":""558:567"",""murajah"":""Al-Bayyinah til Al-Balad""},""TUESDAY_12"":{""juz1"":"""",""juz2"":"""",""juz3"":"""",""juz4"":"""",""star"":"""",""jadeed"":""64:18"",""juzhali"":""558:567"",""murajah"":""Al-Fatiha til Az-Zalzalah""},""TUESDAY_19"":{""juz1"":"""",""juz2"":"""",""juz3"":"""",""juz4"":"""",""star"":"""",""jadeed"":""62:4"",""juzhali"":""554:563"",""murajah"":""Al-Bayyinah til Al-Balad""},""SATURDAY_16"":{""juz1"":"""",""juz2"":"""",""juz3"":"""",""juz4"":"""",""star"":"""",""jadeed"":""63:8"",""juzhali"":""556:564"",""murajah"":""Al-Mulk til Nuh""},""THURSDAY_14"":{""juz1"":"""",""juz2"":"""",""juz3"":"""",""juz4"":"""",""star"":"""",""jadeed"":""63:4"",""juzhali"":""556:564"",""murajah"":""Al-Fajr til Al-Buruj""},""WEDNESDAY_6"":{""juz1"":"""",""juz2"":"""",""juz3"":"""",""juz4"":"""",""star"":"""",""jadeed"":""64:8"",""juzhali"":""558:566"",""murajah"":""Al-Fatiha til Az-Zalzalah""},""WEDNESDAY_13"":{""juz1"":"""",""juz2"":"""",""juz3"":"""",""juz4"":"""",""star"":"""",""jadeed"":""63:2"",""juzhali"":""556:564"",""murajah"":""Al-Bayyinah til Al-Balad""}}",2026-06-10 19:10:02.09+00
3548,d58f7913-f0fc-4ddb-ae31-02c8b7d8bdc2,"{""_mode"":""surah-wise"",""FRIDAY"":{""juz1"":"""",""juz2"":"""",""juz3"":"""",""juz4"":"""",""star"":"""",""jadeed"":""68:20"",""juzhali"":""566:569"",""murajah"":""Al-Qiyamah til Al-Mursalat""},""MONDAY"":{""juz1"":"""",""juz2"":"""",""juz3"":"""",""juz4"":"""",""star"":"""",""jadeed"":""68:32"",""juzhali"":""566:570"",""murajah"":""Al-Balad til Al-Bayyinah""},""SUNDAY"":{""juz1"":"""",""juz2"":"""",""juz3"":"""",""juz4"":"""",""star"":"""",""jadeed"":""68:28"",""juzhali"":""570:574"",""murajah"":""Al-Inshiqaq til Al-Fajr""},""TUESDAY"":{""juz1"":"""",""juz2"":"""",""juz3"":"""",""juz4"":"""",""star"":"""",""jadeed"":""68:36"",""juzhali"":""566:570"",""murajah"":""Az-Zalzalah til An-Nas""},""FRIDAY_8"":{""jadeed"":""68:46"",""juzhali"":""571:575"",""murajah"":""Al-Muddaththir til Al-Qiyamah""},""SATURDAY"":{""juz1"":"""",""juz2"":"""",""juz3"":"""",""juz4"":"""",""star"":"""",""jadeed"":""68:24"",""juzhali"":""570:574"",""murajah"":""An-Naba til Al-Mutaffifin""},""THURSDAY"":{""juz1"":"""",""juz2"":"""",""juz3"":"""",""juz4"":"""",""star"":"""",""jadeed"":""68:16"",""juzhali"":""566:569"",""murajah"":""Al-Jinn til Al-Muddaththir""},""FRIDAY_15"":{""jadeed"":""67:10"",""juzhali"":""566:569"",""murajah"":""Al-Jinn til Al-Muzzammil""},""MONDAY_11"":{""jadeed"":""67:2"",""juzhali"":""569:572"",""murajah"":""Al-Inshiqaq til Al-Fajr""},""MONDAY_18"":{""jadeed"":""67:20"",""juzhali"":""564:568"",""murajah"":""An-Naba til Al-Mutaffifin""},""SUNDAY_10"":{""jadeed"":""68:52"",""juzhali"":""566:569"",""murajah"":""An-Naba til Al-Mutaffifin""},""SUNDAY_17"":{""jadeed"":""67:15"",""juzhali"":""568:571"",""murajah"":""Al-Insan til Al-Mursalat""},""WEDNESDAY"":{""juz1"":"""",""juz2"":"""",""juz3"":"""",""juz4"":"""",""star"":"""",""jadeed"":"""",""juzhali"":"""",""murajah"":""""},""SATURDAY_9"":{""jadeed"":""68:49"",""juzhali"":""566:569"",""murajah"":""Al-Insan til Al-Mursalat""},""THURSDAY_7"":{""jadeed"":""68:43"",""juzhali"":""566:570"",""murajah"":""Al-Jinn til Al-Muzzammil""},""TUESDAY_12"":{""jadeed"":""67:4"",""juzhali"":""568:572"",""murajah"":""Al-Balad til Al-Bayyinah""},""TUESDAY_19"":{""jadeed"":""67:24"",""juzhali"":""564:568"",""murajah"":""Al-Inshiqaq til Al-Fajr""},""SATURDAY_16"":{""jadeed"":""67:12"",""juzhali"":""566:569"",""murajah"":""Al-Muddaththir til Al-Qiyamah""},""THURSDAY_14"":{""jadeed"":""67:8"",""juzhali"":""566:570"",""murajah"":""Al-Ma'arij til Nuh""},""WEDNESDAY_6"":{""jadeed"":""68:40"",""juzhali"":""566:570"",""murajah"":""Al-Ma'arij til Nuh""},""WEDNESDAY_13"":{""jadeed"":""67:6"",""juzhali"":""566:569"",""murajah"":""Az-Zalzalah til An-Nas""}}",2026-06-08 07:03:23.818+00
3579,10338619-9be5-4f2b-9a68-4c8f80a5b479,"{""_mode"":""surah-wise"",""FRIDAY"":{""juz1"":"""",""juz2"":"""",""juz3"":"""",""juz4"":"""",""star"":"""",""jadeed"":""58:11"",""juzhali"":""550:553"",""murajah"":""Al-Fajr til An-Naba""},""MONDAY"":{""juz1"":"""",""juz2"":"""",""juz3"":"""",""juz4"":"""",""star"":"""",""jadeed"":""58:14"",""juzhali"":""550:553"",""murajah"":""At-Tahrim til Al-Jumu'ah""},""SUNDAY"":{""juz1"":"""",""juz2"":"""",""juz3"":"""",""juz4"":"""",""star"":"""",""jadeed"":""58:13"",""juzhali"":""550:553"",""murajah"":""Nuh til Al-Mulk""},""TUESDAY"":{""juz1"":"""",""juz2"":"""",""juz3"":"""",""juz4"":"""",""star"":"""",""jadeed"":""58:15"",""juzhali"":""550:553"",""murajah"":""As-Saff til Al-Mujadilah""},""FRIDAY_8"":{""juz1"":"""",""juz2"":"""",""juz3"":"""",""juz4"":"""",""star"":"""",""jadeed"":""58:12"",""juzhali"":""550:553"",""murajah"":""Al-Mursalat til Al-Jinn""},""SATURDAY"":{""juz1"":"""",""juz2"":"""",""juz3"":"""",""juz4"":"""",""star"":"""",""jadeed"":""58:12"",""juzhali"":""550:553"",""murajah"":""Al-Mursalat til Al-Jinn""},""THURSDAY"":{""juz1"":"""",""juz2"":"""",""juz3"":"""",""juz4"":"""",""star"":"""",""jadeed"":""58:10"",""juzhali"":""552:553"",""murajah"":""An-Nas til Al-Balad""},""MONDAY_11"":{""juz1"":"""",""juz2"":"""",""juz3"":"""",""juz4"":"""",""star"":"""",""jadeed"":""58:15"",""juzhali"":""550:553"",""murajah"":""As-Saff til Al-Mujadilah""},""SUNDAY_10"":{""juz1"":"""",""juz2"":"""",""juz3"":"""",""juz4"":"""",""star"":"""",""jadeed"":""58:14"",""juzhali"":""550:553"",""murajah"":""At-Tahrim til Al-Jumu'ah""},""WEDNESDAY"":{""juz1"":"""",""juz2"":"""",""juz3"":"""",""juz4"":"""",""star"":"""",""jadeed"":"""",""juzhali"":"""",""murajah"":""""},""SATURDAY_9"":{""juz1"":"""",""juz2"":"""",""juz3"":"""",""juz4"":"""",""star"":"""",""jadeed"":""58:13"",""juzhali"":""550:553"",""murajah"":""Nuh til Al-Mulk""},""THURSDAY_7"":{""juz1"":"""",""juz2"":"""",""juz3"":"""",""juz4"":"""",""star"":"""",""jadeed"":""58:11"",""juzhali"":""550:553"",""murajah"":""Al-Fajr til An-Naba""},""WEDNESDAY_6"":{""juz1"":"""",""juz2"":"""",""juz3"":"""",""juz4"":"""",""star"":"""",""jadeed"":""58:10"",""juzhali"":""552:553"",""murajah"":""An-Nas til Al-Balad""}}",2026-06-08 06:49:39.913+00
3614,53991a31-3ba4-4e57-9bdf-8a3236feaf52,"{""_mode"":""surah-wise"",""FRIDAY"":{""juz1"":"""",""juz2"":"""",""juz3"":"""",""juz4"":"""",""star"":"""",""jadeed"":""71:22"",""juzhali"":""Al-Insan til Al-Insan"",""murajah"":""At-Takathur til Al-Qadr""},""MONDAY"":{""juz1"":"""",""juz2"":"""",""juz3"":"""",""juz4"":"""",""star"":"""",""jadeed"":""71:28"",""juzhali"":""Al-Muzzammil til Al-Muzzammil"",""murajah"":""Al-Inshiqaq til At-Takwir""},""SUNDAY"":{""juz1"":"""",""juz2"":"""",""juz3"":"""",""juz4"":"""",""star"":"""",""jadeed"":""71:26"",""juzhali"":""Al-Muddaththir til Al-Muddaththir"",""murajah"":""Al-Fajr til Al-Buruj""},""TUESDAY"":{""juz1"":"""",""juz2"":"""",""juz3"":"""",""juz4"":"""",""star"":"""",""jadeed"":""71:28"",""juzhali"":""Al-Jinn til Al-Jinn"",""murajah"":""Abasa til An-Naba""},""FRIDAY_8"":{""jadeed"":""70:1"",""juzhali"":""577:578"",""murajah"":""Al-Qiyamah til Al-Qiyamah""},""SATURDAY"":{""juz1"":"""",""juz2"":"""",""juz3"":"""",""juz4"":"""",""star"":"""",""jadeed"":""71:24"",""juzhali"":""Al-Qiyamah til Al-Qiyamah"",""murajah"":""Al-Alaq til Al-Balad""},""THURSDAY"":{""juz1"":"""",""juz2"":"""",""juz3"":"""",""juz4"":"""",""star"":"""",""jadeed"":""71:20"",""juzhali"":""Al-Mursalat til Al-Insan"",""murajah"":""An-Nas til Al-Asr""},""FRIDAY_15"":{""juz1"":"""",""juz2"":"""",""juz3"":"""",""juz4"":"""",""star"":"""",""jadeed"":""71:26"",""juzhali"":""580:581"",""murajah"":""Al-Fajr til Al-Buruj""},""MONDAY_11"":{""jadeed"":""70:11"",""juzhali"":""577:578"",""murajah"":""Al-Jinn til Al-Jinn""},""SUNDAY_10"":{""jadeed"":""70:10"",""juzhali"":""577:578"",""murajah"":""Al-Muzzammil til Al-Muzzammil""},""SUNDAY_17"":{""juz1"":"""",""juz2"":"""",""juz3"":"""",""juz4"":"""",""star"":"""",""jadeed"":""71:28"",""juzhali"":""580:581"",""murajah"":""Abasa til An-Naba""},""WEDNESDAY"":{""juz1"":"""",""juz2"":"""",""juz3"":"""",""juz4"":"""",""star"":"""",""jadeed"":"""",""juzhali"":"""",""murajah"":""""},""SATURDAY_9"":{""jadeed"":""70:1"",""juzhali"":""577:578"",""murajah"":""Al-Muddaththir til Al-Muddaththir""},""THURSDAY_7"":{""jadeed"":""70:2"",""juzhali"":""577:578"",""murajah"":""Al-Insan til Al-Insan""},""TUESDAY_12"":{""juz1"":"""",""juz2"":"""",""juz3"":"""",""juz4"":"""",""star"":"""",""jadeed"":""71:20"",""juzhali"":""580:581"",""murajah"":""An-Nas til Al-Asr""},""SATURDAY_16"":{""juz1"":"""",""juz2"":"""",""juz3"":"""",""juz4"":"""",""star"":"""",""jadeed"":""71:28"",""juzhali"":""580:581"",""murajah"":""Al-Inshiqaq til At-Takwir""},""THURSDAY_14"":{""juz1"":"""",""juz2"":"""",""juz3"":"""",""juz4"":"""",""star"":"""",""jadeed"":""71:24"",""juzhali"":""580:581"",""murajah"":""Al-Alaq til Al-Balad""},""WEDNESDAY_6"":{""jadeed"":""70:1"",""juzhali"":""577:578"",""murajah"":""Al-Mursalat til Al-Mursalat""},""WEDNESDAY_13"":{""juz1"":"""",""juz2"":"""",""juz3"":"""",""juz4"":"""",""star"":"""",""jadeed"":""71:22"",""juzhali"":""580:581"",""murajah"":""At-Takathur til Al-Qadr""}}",2026-06-08 11:14:31.607+00
4393,d9e445fd-05c2-4b4b-bc83-fc356b093b72,"{""_mode"":""surah-wise"",""FRIDAY"":{""juz1"":"""",""juz2"":"""",""juz3"":"""",""juz4"":"""",""star"":"""",""jadeed"":""105:5"",""juzhali"":""Al-Ma'un til Al-Ma'un"",""murajah"":""Al-Fatiha til Quraysh""},""MONDAY"":{""juz1"":"""",""juz2"":"""",""juz3"":"""",""juz4"":"""",""star"":"""",""jadeed"":""104:3"",""juzhali"":""Al-Fil til Quraysh"",""murajah"":""Al-Fatiha til Quraysh""},""SUNDAY"":{""juz1"":"""",""juz2"":"""",""juz3"":"""",""juz4"":"""",""star"":"""",""jadeed"":""104:2"",""juzhali"":""Al-Fil til Al-Fil"",""murajah"":""Al-Fatiha til Quraysh""},""TUESDAY"":{""juz1"":"""",""juz2"":"""",""juz3"":"""",""juz4"":"""",""star"":"""",""jadeed"":""104:4"",""juzhali"":""Al-Fil til Al-Fil"",""murajah"":""Al-Fatiha til Quraysh""},""FRIDAY_8"":{""juz1"":"""",""juz2"":"""",""juz3"":"""",""juz4"":"""",""star"":"""",""jadeed"":""104:7"",""juzhali"":""Al-Fil til Al-Fil"",""murajah"":""Al-Fatiha til Quraysh""},""SATURDAY"":{""juz1"":"""",""juz2"":"""",""juz3"":"""",""juz4"":"""",""star"":"""",""jadeed"":""104:1"",""juzhali"":""Al-Fil til Al-Fil"",""murajah"":""Al-Fatiha til Quraysh""},""THURSDAY"":{""juz1"":"""",""juz2"":"""",""juz3"":"""",""juz4"":"""",""star"":"""",""jadeed"":""105:4"",""juzhali"":""Quraysh til Quraysh"",""murajah"":""Al-Fatiha til Al-Ma'un""},""FRIDAY_15"":{""juz1"":"""",""juz2"":"""",""juz3"":"""",""juz4"":"""",""star"":"""",""jadeed"":""102:2"",""juzhali"":""Al-Fil til Al-Fil"",""murajah"":""Al-Fatiha til Quraysh""},""MONDAY_11"":{""juz1"":"""",""juz2"":"""",""juz3"":"""",""juz4"":"""",""star"":"""",""jadeed"":""103:1"",""juzhali"":""Al-Fil til Al-Fil"",""murajah"":""Al-Fatiha til Quraysh""},""MONDAY_18"":{""jadeed"":""102:5"",""juzhali"":""Al-Asr til Al-Asr"",""murajah"":""Al-Fatiha til Al-Fil""},""SUNDAY_10"":{""juz1"":"""",""juz2"":"""",""juz3"":"""",""juz4"":"""",""star"":"""",""jadeed"":""104:9"",""juzhali"":""Al-Fil til Quraysh"",""murajah"":""Al-Fatiha til Quraysh""},""SUNDAY_17"":{""juz1"":"""",""juz2"":"""",""juz3"":"""",""juz4"":"""",""star"":"""",""jadeed"":""102:4"",""juzhali"":""Al-Fil til Al-Fil"",""murajah"":""Al-Fatiha til Quraysh""},""WEDNESDAY"":{""juz1"":"""",""juz2"":"""",""juz3"":"""",""juz4"":"""",""star"":"""",""jadeed"":"""",""juzhali"":"""",""murajah"":""""},""SATURDAY_9"":{""juz1"":"""",""juz2"":"""",""juz3"":"""",""juz4"":"""",""star"":"""",""jadeed"":""104:8"",""juzhali"":""Al-Fil til Al-Fil"",""murajah"":""Al-Fatiha til Quraysh""},""THURSDAY_7"":{""juz1"":"""",""juz2"":"""",""juz3"":"""",""juz4"":"""",""star"":"""",""jadeed"":""104:6"",""juzhali"":""Al-Ma'un til Al-Ma'un"",""murajah"":""Al-Fatiha til Quraysh""},""TUESDAY_12"":{""juz1"":"""",""juz2"":"""",""juz3"":"""",""juz4"":"""",""star"":"""",""jadeed"":""103:2"",""juzhali"":""Quraysh til Quraysh"",""murajah"":""Al-Fatiha til Al-Ma'un""},""SATURDAY_16"":{""juz1"":"""",""juz2"":"""",""juz3"":"""",""juz4"":"""",""star"":"""",""jadeed"":""102:3"",""juzhali"":""Al-Fil til Quraysh"",""murajah"":""Al-Fatiha til Quraysh""},""THURSDAY_14"":{""juz1"":"""",""juz2"":"""",""juz3"":"""",""juz4"":"""",""star"":"""",""jadeed"":""102:1"",""juzhali"":""Al-Fil til Al-Fil"",""murajah"":""Al-Fatiha til Quraysh""},""WEDNESDAY_6"":{""juz1"":"""",""juz2"":"""",""juz3"":"""",""juz4"":"""",""star"":"""",""jadeed"":""104:5"",""juzhali"":""Quraysh til Quraysh"",""murajah"":""Al-Fatiha til Al-Ma'un""},""WEDNESDAY_13"":{""juz1"":"""",""juz2"":"""",""juz3"":"""",""juz4"":"""",""star"":"""",""jadeed"":""103:3"",""juzhali"":""Al-Ma'un til Al-Ma'un"",""murajah"":""Al-Fatiha til Quraysh""}}",2026-06-12 21:37:02.444+00
4462,ecc40639-b95f-44cc-85a4-51b4ee976e2c,"{""_mode"":""surah-wise"",""FRIDAY"":{""juz1"":"""",""juz2"":"""",""juz3"":"""",""juz4"":"""",""star"":"""",""jadeed"":""112:2"",""juzhali"":""Al-Falaq til An-Nas"",""murajah"":""Al-Fatiha til Al-Falaq""},""MONDAY"":{""juz1"":"""",""juz2"":"""",""juz3"":"""",""juz4"":"""",""star"":"""",""jadeed"":""111:1"",""juzhali"":""Al-Ikhlas til Al-Falaq"",""murajah"":""Al-Fatiha til Al-Ikhlas""},""SUNDAY"":{""juz1"":"""",""juz2"":"""",""juz3"":"""",""juz4"":"""",""star"":"""",""jadeed"":""112:4"",""juzhali"":""Al-Falaq til An-Nas"",""murajah"":""Al-Fatiha til Al-Falaq""},""TUESDAY"":{""juz1"":"""",""juz2"":"""",""juz3"":"""",""juz4"":"""",""star"":"""",""jadeed"":""111:2"",""juzhali"":""Al-Ikhlas til Al-Falaq"",""murajah"":""Al-Fatiha til Al-Ikhlas""},""FRIDAY_8"":{""juz1"":"""",""juz2"":"""",""juz3"":"""",""juz4"":"""",""star"":"""",""jadeed"":""111:5"",""juzhali"":""Al-Ikhlas til Al-Falaq"",""murajah"":""Al-Fatiha til Al-Falaq""},""SATURDAY"":{""juz1"":"""",""juz2"":"""",""juz3"":"""",""juz4"":"""",""star"":"""",""jadeed"":""112:3"",""juzhali"":""Al-Falaq til An-Nas"",""murajah"":""Al-Fatiha til Al-Falaq""},""THURSDAY"":{""juz1"":"""",""juz2"":"""",""juz3"":"""",""juz4"":"""",""star"":"""",""jadeed"":""112:1"",""juzhali"":""Al-Falaq til An-Nas"",""murajah"":""Al-Fatiha til Al-Falaq""},""FRIDAY_15"":{""juz1"":"""",""juz2"":"""",""juz3"":"""",""juz4"":"""",""star"":"""",""jadeed"":""109:4"",""juzhali"":""An-Nasr til Al-Masad"",""murajah"":""Al-Fatiha til Al-Falaq""},""MONDAY_11"":{""juz1"":"""",""juz2"":"""",""juz3"":"""",""juz4"":"""",""star"":"""",""jadeed"":""110:3"",""juzhali"":""Al-Masad til Al-Ikhlas"",""murajah"":""Al-Fatiha til Al-Ikhlas""},""MONDAY_18"":{""juz1"":"""",""juz2"":"""",""juz3"":"""",""juz4"":"""",""star"":"""",""jadeed"":""108:3"",""juzhali"":""Al-Kafirun til An-Nasr"",""murajah"":""Al-Fatiha til An-Nasr""},""SUNDAY_10"":{""juz1"":"""",""juz2"":"""",""juz3"":"""",""juz4"":"""",""star"":"""",""jadeed"":""110:2"",""juzhali"":""Al-Masad til Al-Ikhlas"",""murajah"":""Al-Fatiha til Al-Ikhlas""},""SUNDAY_17"":{""juz1"":"""",""juz2"":"""",""juz3"":"""",""juz4"":"""",""star"":"""",""jadeed"":""109:6"",""juzhali"":""An-Nasr til Al-Masad"",""murajah"":""Al-Fatiha til Al-Ikhlas""},""WEDNESDAY"":{""juz1"":"""",""juz2"":"""",""juz3"":"""",""juz4"":"""",""star"":"""",""jadeed"":"""",""juzhali"":"""",""murajah"":""""},""SATURDAY_9"":{""juz1"":"""",""juz2"":"""",""juz3"":"""",""juz4"":"""",""star"":"""",""jadeed"":""110:1"",""juzhali"":""Al-Masad til Al-Ikhlas"",""murajah"":""Al-Fatiha til Al-Falaq""},""THURSDAY_7"":{""juz1"":"""",""juz2"":"""",""juz3"":"""",""juz4"":"""",""star"":"""",""jadeed"":""111:4"",""juzhali"":""Al-Ikhlas til Al-Falaq"",""murajah"":""Al-Fatiha til Al-Falaq""},""TUESDAY_12"":{""juz1"":"""",""juz2"":"""",""juz3"":"""",""juz4"":"""",""star"":"""",""jadeed"":""109:1"",""juzhali"":""An-Nasr til Al-Masad"",""murajah"":""Al-Fatiha til Al-Falaq""},""SATURDAY_16"":{""juz1"":"""",""juz2"":"""",""juz3"":"""",""juz4"":"""",""star"":"""",""jadeed"":""109:5"",""juzhali"":""An-Nasr til Al-Masad"",""murajah"":""Al-Fatiha til Al-Ikhlas""},""THURSDAY_14"":{""juz1"":"""",""juz2"":"""",""juz3"":"""",""juz4"":"""",""star"":"""",""jadeed"":""109:3"",""juzhali"":""An-Nasr til Al-Masad"",""murajah"":""Al-Fatiha til Al-Falaq""},""WEDNESDAY_6"":{""juz1"":"""",""juz2"":"""",""juz3"":"""",""juz4"":"""",""star"":"""",""jadeed"":""111:3"",""juzhali"":""Al-Ikhlas til Al-Falaq"",""murajah"":""Al-Fatiha til Al-Falaq""},""WEDNESDAY_13"":{""juz1"":"""",""juz2"":"""",""juz3"":"""",""juz4"":"""",""star"":"""",""jadeed"":""109:2"",""juzhali"":""An-Nasr til Al-Masad"",""murajah"":""Al-Fatiha til Al-Falaq""}}",2026-06-13 17:07:45.325+00